id,metadataproperty,description_href,description_title,description_nilreason,description,descriptionreference_href,descriptionreference_title,descriptionreference_nilreason,identifier_codespace,identifier,name,location_location,godlo,akt_rok,piksel,kolor,zrodlo_danych,uklad_xy,modul_archiwizacji,nr_zglosz,akt_data_frame,akt_data_id,akt_data_metadataproperty,akt_data_description_href,akt_data_description_title,akt_data_description_nilreason,akt_data_description,akt_data_descriptionreference_href,akt_data_descriptionreference_title,akt_data_descriptionreference_nilreason,akt_data_identifier_codespace,akt_data_identifier,akt_data_name,akt_data_relatedtime,akt_data_timeposition_frame,akt_data_timeposition_calendareraname,akt_data_timeposition_indeterminateposition,akt_data_timeposition,czy_ark_wypelniony,url_do_pobrania,dt_pzgik_frame,dt_pzgik_id,dt_pzgik_metadataproperty,dt_pzgik_description_href,dt_pzgik_description_title,dt_pzgik_description_nilreason,dt_pzgik_description,dt_pzgik_descriptionreference_href,dt_pzgik_descriptionreference_title,dt_pzgik_descriptionreference_nilreason,dt_pzgik_identifier_codespace,dt_pzgik_identifier,dt_pzgik_name,dt_pzgik_relatedtime,dt_pzgik_timeposition_frame,dt_pzgik_timeposition_calendareraname,dt_pzgik_timeposition_indeterminateposition,dt_pzgik_timeposition,wlk_pliku_mb,JPT_KOD_JE,JPT_SJR_KO,JPT_NAZWA_,JPT_POWIER,JPT_ORGAN_,JPT_KOD__1,JPT_NAZWA1,JPT_ORGAN1,JPT_WAZNA_,IIP_PRZEST,IIP_IDENTY,JPT_KJ_IIP,JPT_KJ_I_1,JPT_KJ_I_2,JPT_SPS_KO,JPT_POWI_1,JPT_KJ_I_3,JPT_JOR_ID,WERSJA_OD,WERSJA_DO,WAZNY_OD,WAZNY_DO,IIP_WERSJA,JPT_OPIS,JPT_ID,SHAPE_LENG,SHAPE_LE_1,SHAPE_AREA
SkorowidzOrtofomapy2024.1322894,,,,,,,,,,,,,N-34-61-B-b-2-1,2024,0.05,RGB,Zdj. cyfrowe,PL-1992,1:5000,GK-FOTO.6201.26.2024,,SkorowidzOrtofomapy2024.1322894.akt_data,,,,,,,,,,,,,,,,2024-09-08,TAK,https://opendata.geoportal.gov.pl/ortofotomapa/81010/81010_1322894_N-34-61-B-b-2-1.tif,,SkorowidzOrtofomapy2024.1322894.dt_pzgik,,,,,,,,,,,,,,,,2024-12-19,1098,226101_1,JEW,Gdańsk - gmina miejska,"68295",,,,NZN,NZN,PL.PZGIK.200,2b194616-cbeb-49dc-b933-8e4c4d930183,EGIB,226101_1,,,"0",,"13136",2025-02-28T16:25:41,,2012-02-25T00:00:00,,2025-02-28T16:25:41,,"2763400","2.00162354083","2.00162353976",".09450928201"
SkorowidzOrtofomapy2024.1322884,,,,,,,,,,,,,N-34-50-D-c-3-3,2024,0.05,RGB,Zdj. cyfrowe,PL-1992,1:5000,GK-FOTO.6201.26.2024,,SkorowidzOrtofomapy2024.1322884.akt_data,,,,,,,,,,,,,,,,2024-09-08,TAK,https://opendata.geoportal.gov.pl/ortofotomapa/81010/81010_1322884_N-34-50-D-c-3-3.tif,,SkorowidzOrtofomapy2024.1322884.dt_pzgik,,,,,,,,,,,,,,,,2024-12-19,1111,226101_1,JEW,Gdańsk - gmina miejska,"68295",,,,NZN,NZN,PL.PZGIK.200,2b194616-cbeb-49dc-b933-8e4c4d930183,EGIB,226101_1,,,"0",,"13136",2025-02-28T16:25:41,,2012-02-25T00:00:00,,2025-02-28T16:25:41,,"2763400","2.00162354083","2.00162353976",".09450928201"
SkorowidzOrtofomapy2024.1322826,,,,,,,,,,,,,N-34-49-D-d-2-1,2024,0.05,RGB,Zdj. cyfrowe,PL-1992,1:5000,GK-FOTO.6201.26.2024,,SkorowidzOrtofomapy2024.1322826.akt_data,,,,,,,,,,,,,,,,2024-09-08,TAK,https://opendata.geoportal.gov.pl/ortofotomapa/81010/81010_1322826_N-34-49-D-d-2-1.tif,,SkorowidzOrtofomapy2024.1322826.dt_pzgik,,,,,,,,,,,,,,,,2024-12-19,1181,226101_1,JEW,Gdańsk - gmina miejska,"68295",,,,NZN,NZN,PL.PZGIK.200,2b194616-cbeb-49dc-b933-8e4c4d930183,EGIB,226101_1,,,"0",,"13136",2025-02-28T16:25:41,,2012-02-25T00:00:00,,2025-02-28T16:25:41,,"2763400","2.00162354083","2.00162353976",".09450928201"
SkorowidzOrtofomapy2024.1322879,,,,,,,,,,,,,N-34-50-C-d-4-2,2024,0.05,RGB,Zdj. cyfrowe,PL-1992,1:5000,GK-FOTO.6201.26.2024,,SkorowidzOrtofomapy2024.1322879.akt_data,,,,,,,,,,,,,,,,2024-09-08,TAK,https://opendata.geoportal.gov.pl/ortofotomapa/81010/81010_1322879_N-34-50-C-d-4-2.tif,,SkorowidzOrtofomapy2024.1322879.dt_pzgik,,,,,,,,,,,,,,,,2024-12-19,1055,226101_1,JEW,Gdańsk - gmina miejska,"68295",,,,NZN,NZN,PL.PZGIK.200,2b194616-cbeb-49dc-b933-8e4c4d930183,EGIB,226101_1,,,"0",,"13136",2025-02-28T16:25:41,,2012-02-25T00:00:00,,2025-02-28T16:25:41,,"2763400","2.00162354083","2.00162353976",".09450928201"
SkorowidzOrtofomapy2024.1322823,,,,,,,,,,,,,N-34-49-D-b-4-3,2024,0.05,RGB,Zdj. cyfrowe,PL-1992,1:5000,GK-FOTO.6201.26.2024,,SkorowidzOrtofomapy2024.1322823.akt_data,,,,,,,,,,,,,,,,2024-09-08,TAK,https://opendata.geoportal.gov.pl/ortofotomapa/81010/81010_1322823_N-34-49-D-b-4-3.tif,,SkorowidzOrtofomapy2024.1322823.dt_pzgik,,,,,,,,,,,,,,,,2024-12-19,1039,226101_1,JEW,Gdańsk - gmina miejska,"68295",,,,NZN,NZN,PL.PZGIK.200,2b194616-cbeb-49dc-b933-8e4c4d930183,EGIB,226101_1,,,"0",,"13136",2025-02-28T16:25:41,,2012-02-25T00:00:00,,2025-02-28T16:25:41,,"2763400","2.00162354083","2.00162353976",".09450928201"
SkorowidzOrtofomapy2024.1322821,,,,,,,,,,,,,N-34-49-D-b-4-1,2024,0.05,RGB,Zdj. cyfrowe,PL-1992,1:5000,GK-FOTO.6201.26.2024,,SkorowidzOrtofomapy2024.1322821.akt_data,,,,,,,,,,,,,,,,2024-09-08,TAK,https://opendata.geoportal.gov.pl/ortofotomapa/81010/81010_1322821_N-34-49-D-b-4-1.tif,,SkorowidzOrtofomapy2024.1322821.dt_pzgik,,,,,,,,,,,,,,,,2024-12-19,1063,226101_1,JEW,Gdańsk - gmina miejska,"68295",,,,NZN,NZN,PL.PZGIK.200,2b194616-cbeb-49dc-b933-8e4c4d930183,EGIB,226101_1,,,"0",,"13136",2025-02-28T16:25:41,,2012-02-25T00:00:00,,2025-02-28T16:25:41,,"2763400","2.00162354083","2.00162353976",".09450928201"
SkorowidzOrtofomapy2024.1322873,,,,,,,,,,,,,N-34-50-C-d-2-4,2024,0.05,RGB,Zdj. cyfrowe,PL-1992,1:5000,GK-FOTO.6201.26.2024,,SkorowidzOrtofomapy2024.1322873.akt_data,,,,,,,,,,,,,,,,2024-09-08,TAK,https://opendata.geoportal.gov.pl/ortofotomapa/81010/81010_1322873_N-34-50-C-d-2-4.tif,,SkorowidzOrtofomapy2024.1322873.dt_pzgik,,,,,,,,,,,,,,,,2024-12-19,492,226101_1,JEW,Gdańsk - gmina miejska,"68295",,,,NZN,NZN,PL.PZGIK.200,2b194616-cbeb-49dc-b933-8e4c4d930183,EGIB,226101_1,,,"0",,"13136",2025-02-28T16:25:41,,2012-02-25T00:00:00,,2025-02-28T16:25:41,,"2763400","2.00162354083","2.00162353976",".09450928201"
SkorowidzOrtofomapy2024.1322910,,,,,,,,,,,,,N-34-62-A-b-2-2,2024,0.05,RGB,Zdj. cyfrowe,PL-1992,1:5000,GK-FOTO.6201.26.2024,,SkorowidzOrtofomapy2024.1322910.akt_data,,,,,,,,,,,,,,,,2024-09-08,TAK,https://opendata.geoportal.gov.pl/ortofotomapa/81010/81010_1322910_N-34-62-A-b-2-2.tif,,SkorowidzOrtofomapy2024.1322910.dt_pzgik,,,,,,,,,,,,,,,,2024-12-19,1032,226101_1,JEW,Gdańsk - gmina miejska,"68295",,,,NZN,NZN,PL.PZGIK.200,2b194616-cbeb-49dc-b933-8e4c4d930183,EGIB,226101_1,,,"0",,"13136",2025-02-28T16:25:41,,2012-02-25T00:00:00,,2025-02-28T16:25:41,,"2763400","2.00162354083","2.00162353976",".09450928201"
SkorowidzOrtofomapy2024.1322871,,,,,,,,,,,,,N-34-50-C-d-2-2,2024,0.05,RGB,Zdj. cyfrowe,PL-1992,1:5000,GK-FOTO.6201.26.2024,,SkorowidzOrtofomapy2024.1322871.akt_data,,,,,,,,,,,,,,,,2024-09-08,TAK,https://opendata.geoportal.gov.pl/ortofotomapa/81010/81010_1322871_N-34-50-C-d-2-2.tif,,SkorowidzOrtofomapy2024.1322871.dt_pzgik,,,,,,,,,,,,,,,,2024-12-19,206,226101_1,JEW,Gdańsk - gmina miejska,"68295",,,,NZN,NZN,PL.PZGIK.200,2b194616-cbeb-49dc-b933-8e4c4d930183,EGIB,226101_1,,,"0",,"13136",2025-02-28T16:25:41,,2012-02-25T00:00:00,,2025-02-28T16:25:41,,"2763400","2.00162354083","2.00162353976",".09450928201"
SkorowidzOrtofomapy2024.1322830,,,,,,,,,,,,,N-34-49-D-d-4-1,2024,0.05,RGB,Zdj. cyfrowe,PL-1992,1:5000,GK-FOTO.6201.26.2024,,SkorowidzOrtofomapy2024.1322830.akt_data,,,,,,,,,,,,,,,,2024-09-08,TAK,https://opendata.geoportal.gov.pl/ortofotomapa/81010/81010_1322830_N-34-49-D-d-4-1.tif,,SkorowidzOrtofomapy2024.1322830.dt_pzgik,,,,,,,,,,,,,,,,2024-12-19,1117,226101_1,JEW,Gdańsk - gmina miejska,"68295",,,,NZN,NZN,PL.PZGIK.200,2b194616-cbeb-49dc-b933-8e4c4d930183,EGIB,226101_1,,,"0",,"13136",2025-02-28T16:25:41,,2012-02-25T00:00:00,,2025-02-28T16:25:41,,"2763400","2.00162354083","2.00162353976",".09450928201"
SkorowidzOrtofomapy2024.1322825,,,,,,,,,,,,,N-34-49-D-d-1-4,2024,0.05,RGB,Zdj. cyfrowe,PL-1992,1:5000,GK-FOTO.6201.26.2024,,SkorowidzOrtofomapy2024.1322825.akt_data,,,,,,,,,,,,,,,,2024-09-08,TAK,https://opendata.geoportal.gov.pl/ortofotomapa/81010/81010_1322825_N-34-49-D-d-1-4.tif,,SkorowidzOrtofomapy2024.1322825.dt_pzgik,,,,,,,,,,,,,,,,2024-12-19,1107,226101_1,JEW,Gdańsk - gmina miejska,"68295",,,,NZN,NZN,PL.PZGIK.200,2b194616-cbeb-49dc-b933-8e4c4d930183,EGIB,226101_1,,,"0",,"13136",2025-02-28T16:25:41,,2012-02-25T00:00:00,,2025-02-28T16:25:41,,"2763400","2.00162354083","2.00162353976",".09450928201"
SkorowidzOrtofomapy2024.1322881,,,,,,,,,,,,,N-34-50-C-d-4-4,2024,0.05,RGB,Zdj. cyfrowe,PL-1992,1:5000,GK-FOTO.6201.26.2024,,SkorowidzOrtofomapy2024.1322881.akt_data,,,,,,,,,,,,,,,,2024-09-08,TAK,https://opendata.geoportal.gov.pl/ortofotomapa/81010/81010_1322881_N-34-50-C-d-4-4.tif,,SkorowidzOrtofomapy2024.1322881.dt_pzgik,,,,,,,,,,,,,,,,2024-12-19,993,226101_1,JEW,Gdańsk - gmina miejska,"68295",,,,NZN,NZN,PL.PZGIK.200,2b194616-cbeb-49dc-b933-8e4c4d930183,EGIB,226101_1,,,"0",,"13136",2025-02-28T16:25:41,,2012-02-25T00:00:00,,2025-02-28T16:25:41,,"2763400","2.00162354083","2.00162353976",".09450928201"
SkorowidzOrtofomapy2024.1322828,,,,,,,,,,,,,N-34-49-D-d-2-3,2024,0.05,RGB,Zdj. cyfrowe,PL-1992,1:5000,GK-FOTO.6201.26.2024,,SkorowidzOrtofomapy2024.1322828.akt_data,,,,,,,,,,,,,,,,2024-09-08,TAK,https://opendata.geoportal.gov.pl/ortofotomapa/81010/81010_1322828_N-34-49-D-d-2-3.tif,,SkorowidzOrtofomapy2024.1322828.dt_pzgik,,,,,,,,,,,,,,,,2024-12-19,1144,226101_1,JEW,Gdańsk - gmina miejska,"68295",,,,NZN,NZN,PL.PZGIK.200,2b194616-cbeb-49dc-b933-8e4c4d930183,EGIB,226101_1,,,"0",,"13136",2025-02-28T16:25:41,,2012-02-25T00:00:00,,2025-02-28T16:25:41,,"2763400","2.00162354083","2.00162353976",".09450928201"
SkorowidzOrtofomapy2024.1322832,,,,,,,,,,,,,N-34-49-D-d-4-3,2024,0.05,RGB,Zdj. cyfrowe,PL-1992,1:5000,GK-FOTO.6201.26.2024,,SkorowidzOrtofomapy2024.1322832.akt_data,,,,,,,,,,,,,,,,2024-09-08,TAK,https://opendata.geoportal.gov.pl/ortofotomapa/81010/81010_1322832_N-34-49-D-d-4-3.tif,,SkorowidzOrtofomapy2024.1322832.dt_pzgik,,,,,,,,,,,,,,,,2024-12-19,1082,226101_1,JEW,Gdańsk - gmina miejska,"68295",,,,NZN,NZN,PL.PZGIK.200,2b194616-cbeb-49dc-b933-8e4c4d930183,EGIB,226101_1,,,"0",,"13136",2025-02-28T16:25:41,,2012-02-25T00:00:00,,2025-02-28T16:25:41,,"2763400","2.00162354083","2.00162353976",".09450928201"
SkorowidzOrtofomapy2024.1322820,,,,,,,,,,,,,N-34-49-D-b-3-2,2024,0.05,RGB,Zdj. cyfrowe,PL-1992,1:5000,GK-FOTO.6201.26.2024,,SkorowidzOrtofomapy2024.1322820.akt_data,,,,,,,,,,,,,,,,2024-09-08,TAK,https://opendata.geoportal.gov.pl/ortofotomapa/81010/81010_1322820_N-34-49-D-b-3-2.tif,,SkorowidzOrtofomapy2024.1322820.dt_pzgik,,,,,,,,,,,,,,,,2024-12-19,1088,226101_1,JEW,Gdańsk - gmina miejska,"68295",,,,NZN,NZN,PL.PZGIK.200,2b194616-cbeb-49dc-b933-8e4c4d930183,EGIB,226101_1,,,"0",,"13136",2025-02-28T16:25:41,,2012-02-25T00:00:00,,2025-02-28T16:25:41,,"2763400","2.00162354083","2.00162353976",".09450928201"
SkorowidzOrtofomapy2024.1322883,,,,,,,,,,,,,N-34-50-D-c-3-2,2024,0.05,RGB,Zdj. cyfrowe,PL-1992,1:5000,GK-FOTO.6201.26.2024,,SkorowidzOrtofomapy2024.1322883.akt_data,,,,,,,,,,,,,,,,2024-09-20,TAK,https://opendata.geoportal.gov.pl/ortofotomapa/81010/81010_1322883_N-34-50-D-c-3-2.tif,,SkorowidzOrtofomapy2024.1322883.dt_pzgik,,,,,,,,,,,,,,,,2024-12-19,550,226101_1,JEW,Gdańsk - gmina miejska,"68295",,,,NZN,NZN,PL.PZGIK.200,2b194616-cbeb-49dc-b933-8e4c4d930183,EGIB,226101_1,,,"0",,"13136",2025-02-28T16:25:41,,2012-02-25T00:00:00,,2025-02-28T16:25:41,,"2763400","2.00162354083","2.00162353976",".09450928201"
SkorowidzOrtofomapy2024.1322919,,,,,,,,,,,,,N-34-62-B-a-1-1,2024,0.05,RGB,Zdj. cyfrowe,PL-1992,1:5000,GK-FOTO.6201.26.2024,,SkorowidzOrtofomapy2024.1322919.akt_data,,,,,,,,,,,,,,,,2024-09-20,TAK,https://opendata.geoportal.gov.pl/ortofotomapa/81010/81010_1322919_N-34-62-B-a-1-1.tif,,SkorowidzOrtofomapy2024.1322919.dt_pzgik,,,,,,,,,,,,,,,,2024-12-19,1116,226101_1,JEW,Gdańsk - gmina miejska,"68295",,,,NZN,NZN,PL.PZGIK.200,2b194616-cbeb-49dc-b933-8e4c4d930183,EGIB,226101_1,,,"0",,"13136",2025-02-28T16:25:41,,2012-02-25T00:00:00,,2025-02-28T16:25:41,,"2763400","2.00162354083","2.00162353976",".09450928201"
SkorowidzOrtofomapy2024.1322925,,,,,,,,,,,,,N-34-62-B-b-1-3,2024,0.05,RGB,Zdj. cyfrowe,PL-1992,1:5000,GK-FOTO.6201.26.2024,,SkorowidzOrtofomapy2024.1322925.akt_data,,,,,,,,,,,,,,,,2024-09-20,TAK,https://opendata.geoportal.gov.pl/ortofotomapa/81010/81010_1322925_N-34-62-B-b-1-3.tif,,SkorowidzOrtofomapy2024.1322925.dt_pzgik,,,,,,,,,,,,,,,,2024-12-19,1238,226101_1,JEW,Gdańsk - gmina miejska,"68295",,,,NZN,NZN,PL.PZGIK.200,2b194616-cbeb-49dc-b933-8e4c4d930183,EGIB,226101_1,,,"0",,"13136",2025-02-28T16:25:41,,2012-02-25T00:00:00,,2025-02-28T16:25:41,,"2763400","2.00162354083","2.00162353976",".09450928201"
SkorowidzOrtofomapy2024.1322922,,,,,,,,,,,,,N-34-62-B-a-2-4,2024,0.05,RGB,Zdj. cyfrowe,PL-1992,1:5000,GK-FOTO.6201.26.2024,,SkorowidzOrtofomapy2024.1322922.akt_data,,,,,,,,,,,,,,,,2024-09-20,TAK,https://opendata.geoportal.gov.pl/ortofotomapa/81010/81010_1322922_N-34-62-B-a-2-4.tif,,SkorowidzOrtofomapy2024.1322922.dt_pzgik,,,,,,,,,,,,,,,,2024-12-19,1217,226101_1,JEW,Gdańsk - gmina miejska,"68295",,,,NZN,NZN,PL.PZGIK.200,2b194616-cbeb-49dc-b933-8e4c4d930183,EGIB,226101_1,,,"0",,"13136",2025-02-28T16:25:41,,2012-02-25T00:00:00,,2025-02-28T16:25:41,,"2763400","2.00162354083","2.00162353976",".09450928201"
SkorowidzOrtofomapy2024.1322885,,,,,,,,,,,,,N-34-50-D-c-3-4,2024,0.05,RGB,Zdj. cyfrowe,PL-1992,1:5000,GK-FOTO.6201.26.2024,,SkorowidzOrtofomapy2024.1322885.akt_data,,,,,,,,,,,,,,,,2024-09-20,TAK,https://opendata.geoportal.gov.pl/ortofotomapa/81010/81010_1322885_N-34-50-D-c-3-4.tif,,SkorowidzOrtofomapy2024.1322885.dt_pzgik,,,,,,,,,,,,,,,,2024-12-19,1001,226101_1,JEW,Gdańsk - gmina miejska,"68295",,,,NZN,NZN,PL.PZGIK.200,2b194616-cbeb-49dc-b933-8e4c4d930183,EGIB,226101_1,,,"0",,"13136",2025-02-28T16:25:41,,2012-02-25T00:00:00,,2025-02-28T16:25:41,,"2763400","2.00162354083","2.00162353976",".09450928201"
SkorowidzOrtofomapy2024.1322888,,,,,,,,,,,,,N-34-50-D-c-4-4,2024,0.05,RGB,Zdj. cyfrowe,PL-1992,1:5000,GK-FOTO.6201.26.2024,,SkorowidzOrtofomapy2024.1322888.akt_data,,,,,,,,,,,,,,,,2024-09-20,TAK,https://opendata.geoportal.gov.pl/ortofotomapa/81010/81010_1322888_N-34-50-D-c-4-4.tif,,SkorowidzOrtofomapy2024.1322888.dt_pzgik,,,,,,,,,,,,,,,,2024-12-19,1028,226101_1,JEW,Gdańsk - gmina miejska,"68295",,,,NZN,NZN,PL.PZGIK.200,2b194616-cbeb-49dc-b933-8e4c4d930183,EGIB,226101_1,,,"0",,"13136",2025-02-28T16:25:41,,2012-02-25T00:00:00,,2025-02-28T16:25:41,,"2763400","2.00162354083","2.00162353976",".09450928201"
SkorowidzOrtofomapy2024.1322887,,,,,,,,,,,,,N-34-50-D-c-4-3,2024,0.05,RGB,Zdj. cyfrowe,PL-1992,1:5000,GK-FOTO.6201.26.2024,,SkorowidzOrtofomapy2024.1322887.akt_data,,,,,,,,,,,,,,,,2024-09-20,TAK,https://opendata.geoportal.gov.pl/ortofotomapa/81010/81010_1322887_N-34-50-D-c-4-3.tif,,SkorowidzOrtofomapy2024.1322887.dt_pzgik,,,,,,,,,,,,,,,,2024-12-19,986,226101_1,JEW,Gdańsk - gmina miejska,"68295",,,,NZN,NZN,PL.PZGIK.200,2b194616-cbeb-49dc-b933-8e4c4d930183,EGIB,226101_1,,,"0",,"13136",2025-02-28T16:25:41,,2012-02-25T00:00:00,,2025-02-28T16:25:41,,"2763400","2.00162354083","2.00162353976",".09450928201"
SkorowidzOrtofomapy2024.1322890,,,,,,,,,,,,,N-34-50-D-d-3-3,2024,0.05,RGB,Zdj. cyfrowe,PL-1992,1:5000,GK-FOTO.6201.26.2024,,SkorowidzOrtofomapy2024.1322890.akt_data,,,,,,,,,,,,,,,,2024-09-20,TAK,https://opendata.geoportal.gov.pl/ortofotomapa/81010/81010_1322890_N-34-50-D-d-3-3.tif,,SkorowidzOrtofomapy2024.1322890.dt_pzgik,,,,,,,,,,,,,,,,2024-12-19,769,226101_1,JEW,Gdańsk - gmina miejska,"68295",,,,NZN,NZN,PL.PZGIK.200,2b194616-cbeb-49dc-b933-8e4c4d930183,EGIB,226101_1,,,"0",,"13136",2025-02-28T16:25:41,,2012-02-25T00:00:00,,2025-02-28T16:25:41,,"2763400","2.00162354083","2.00162353976",".09450928201"
SkorowidzOrtofomapy2024.1322923,,,,,,,,,,,,,N-34-62-B-b-1-1,2024,0.05,RGB,Zdj. cyfrowe,PL-1992,1:5000,GK-FOTO.6201.26.2024,,SkorowidzOrtofomapy2024.1322923.akt_data,,,,,,,,,,,,,,,,2024-09-20,TAK,https://opendata.geoportal.gov.pl/ortofotomapa/81010/81010_1322923_N-34-62-B-b-1-1.tif,,SkorowidzOrtofomapy2024.1322923.dt_pzgik,,,,,,,,,,,,,,,,2024-12-19,1190,226101_1,JEW,Gdańsk - gmina miejska,"68295",,,,NZN,NZN,PL.PZGIK.200,2b194616-cbeb-49dc-b933-8e4c4d930183,EGIB,226101_1,,,"0",,"13136",2025-02-28T16:25:41,,2012-02-25T00:00:00,,2025-02-28T16:25:41,,"2763400","2.00162354083","2.00162353976",".09450928201"
SkorowidzOrtofomapy2024.1322882,,,,,,,,,,,,,N-34-50-D-c-3-1,2024,0.05,RGB,Zdj. cyfrowe,PL-1992,1:5000,GK-FOTO.6201.26.2024,,SkorowidzOrtofomapy2024.1322882.akt_data,,,,,,,,,,,,,,,,2024-09-20,TAK,https://opendata.geoportal.gov.pl/ortofotomapa/81010/81010_1322882_N-34-50-D-c-3-1.tif,,SkorowidzOrtofomapy2024.1322882.dt_pzgik,,,,,,,,,,,,,,,,2024-12-19,946,226101_1,JEW,Gdańsk - gmina miejska,"68295",,,,NZN,NZN,PL.PZGIK.200,2b194616-cbeb-49dc-b933-8e4c4d930183,EGIB,226101_1,,,"0",,"13136",2025-02-28T16:25:41,,2012-02-25T00:00:00,,2025-02-28T16:25:41,,"2763400","2.00162354083","2.00162353976",".09450928201"
SkorowidzOrtofomapy2024.1322920,,,,,,,,,,,,,N-34-62-B-a-2-1,2024,0.05,RGB,Zdj. cyfrowe,PL-1992,1:5000,GK-FOTO.6201.26.2024,,SkorowidzOrtofomapy2024.1322920.akt_data,,,,,,,,,,,,,,,,2024-09-20,TAK,https://opendata.geoportal.gov.pl/ortofotomapa/81010/81010_1322920_N-34-62-B-a-2-1.tif,,SkorowidzOrtofomapy2024.1322920.dt_pzgik,,,,,,,,,,,,,,,,2024-12-19,1227,226101_1,JEW,Gdańsk - gmina miejska,"68295",,,,NZN,NZN,PL.PZGIK.200,2b194616-cbeb-49dc-b933-8e4c4d930183,EGIB,226101_1,,,"0",,"13136",2025-02-28T16:25:41,,2012-02-25T00:00:00,,2025-02-28T16:25:41,,"2763400","2.00162354083","2.00162353976",".09450928201"
SkorowidzOrtofomapy2024.1322921,,,,,,,,,,,,,N-34-62-B-a-2-2,2024,0.05,RGB,Zdj. cyfrowe,PL-1992,1:5000,GK-FOTO.6201.26.2024,,SkorowidzOrtofomapy2024.1322921.akt_data,,,,,,,,,,,,,,,,2024-09-20,TAK,https://opendata.geoportal.gov.pl/ortofotomapa/81010/81010_1322921_N-34-62-B-a-2-2.tif,,SkorowidzOrtofomapy2024.1322921.dt_pzgik,,,,,,,,,,,,,,,,2024-12-19,1223,226101_1,JEW,Gdańsk - gmina miejska,"68295",,,,NZN,NZN,PL.PZGIK.200,2b194616-cbeb-49dc-b933-8e4c4d930183,EGIB,226101_1,,,"0",,"13136",2025-02-28T16:25:41,,2012-02-25T00:00:00,,2025-02-28T16:25:41,,"2763400","2.00162354083","2.00162353976",".09450928201"
SkorowidzOrtofomapy2024.1322886,,,,,,,,,,,,,N-34-50-D-c-4-1,2024,0.05,RGB,Zdj. cyfrowe,PL-1992,1:5000,GK-FOTO.6201.26.2024,,SkorowidzOrtofomapy2024.1322886.akt_data,,,,,,,,,,,,,,,,2024-09-20,TAK,https://opendata.geoportal.gov.pl/ortofotomapa/81010/81010_1322886_N-34-50-D-c-4-1.tif,,SkorowidzOrtofomapy2024.1322886.dt_pzgik,,,,,,,,,,,,,,,,2024-12-19,245,226101_1,JEW,Gdańsk - gmina miejska,"68295",,,,NZN,NZN,PL.PZGIK.200,2b194616-cbeb-49dc-b933-8e4c4d930183,EGIB,226101_1,,,"0",,"13136",2025-02-28T16:25:41,,2012-02-25T00:00:00,,2025-02-28T16:25:41,,"2763400","2.00162354083","2.00162353976",".09450928201"
SkorowidzOrtofomapy2024.1322829,,,,,,,,,,,,,N-34-49-D-d-2-4,2024,0.05,RGB,Zdj. cyfrowe,PL-1992,1:5000,GK-FOTO.6201.26.2024,,SkorowidzOrtofomapy2024.1322829.akt_data,,,,,,,,,,,,,,,,2024-09-23,TAK,https://opendata.geoportal.gov.pl/ortofotomapa/81010/81010_1322829_N-34-49-D-d-2-4.tif,,SkorowidzOrtofomapy2024.1322829.dt_pzgik,,,,,,,,,,,,,,,,2024-12-19,1092,226101_1,JEW,Gdańsk - gmina miejska,"68295",,,,NZN,NZN,PL.PZGIK.200,2b194616-cbeb-49dc-b933-8e4c4d930183,EGIB,226101_1,,,"0",,"13136",2025-02-28T16:25:41,,2012-02-25T00:00:00,,2025-02-28T16:25:41,,"2763400","2.00162354083","2.00162353976",".09450928201"
SkorowidzOrtofomapy2024.1322861,,,,,,,,,,,,,N-34-50-C-c-3-4,2024,0.05,RGB,Zdj. cyfrowe,PL-1992,1:5000,GK-FOTO.6201.26.2024,,SkorowidzOrtofomapy2024.1322861.akt_data,,,,,,,,,,,,,,,,2024-09-23,TAK,https://opendata.geoportal.gov.pl/ortofotomapa/81010/81010_1322861_N-34-50-C-c-3-4.tif,,SkorowidzOrtofomapy2024.1322861.dt_pzgik,,,,,,,,,,,,,,,,2024-12-19,1072,226101_1,JEW,Gdańsk - gmina miejska,"68295",,,,NZN,NZN,PL.PZGIK.200,2b194616-cbeb-49dc-b933-8e4c4d930183,EGIB,226101_1,,,"0",,"13136",2025-02-28T16:25:41,,2012-02-25T00:00:00,,2025-02-28T16:25:41,,"2763400","2.00162354083","2.00162353976",".09450928201"
SkorowidzOrtofomapy2024.1322892,,,,,,,,,,,,,N-34-50-D-d-4-1,2024,0.05,RGB,Zdj. cyfrowe,PL-1992,1:5000,GK-FOTO.6201.26.2024,,SkorowidzOrtofomapy2024.1322892.akt_data,,,,,,,,,,,,,,,,2024-09-23,TAK,https://opendata.geoportal.gov.pl/ortofotomapa/81010/81010_1322892_N-34-50-D-d-4-1.tif,,SkorowidzOrtofomapy2024.1322892.dt_pzgik,,,,,,,,,,,,,,,,2024-12-19,369,226101_1,JEW,Gdańsk - gmina miejska,"68295",,,,NZN,NZN,PL.PZGIK.200,2b194616-cbeb-49dc-b933-8e4c4d930183,EGIB,226101_1,,,"0",,"13136",2025-02-28T16:25:41,,2012-02-25T00:00:00,,2025-02-28T16:25:41,,"2763400","2.00162354083","2.00162353976",".09450928201"
SkorowidzOrtofomapy2024.1322852,,,,,,,,,,,,,N-34-50-C-c-1-3,2024,0.05,RGB,Zdj. cyfrowe,PL-1992,1:5000,GK-FOTO.6201.26.2024,,SkorowidzOrtofomapy2024.1322852.akt_data,,,,,,,,,,,,,,,,2024-09-23,TAK,https://opendata.geoportal.gov.pl/ortofotomapa/81010/81010_1322852_N-34-50-C-c-1-3.tif,,SkorowidzOrtofomapy2024.1322852.dt_pzgik,,,,,,,,,,,,,,,,2024-12-19,1092,226101_1,JEW,Gdańsk - gmina miejska,"68295",,,,NZN,NZN,PL.PZGIK.200,2b194616-cbeb-49dc-b933-8e4c4d930183,EGIB,226101_1,,,"0",,"13136",2025-02-28T16:25:41,,2012-02-25T00:00:00,,2025-02-28T16:25:41,,"2763400","2.00162354083","2.00162353976",".09450928201"
SkorowidzOrtofomapy2024.1322859,,,,,,,,,,,,,N-34-50-C-c-3-2,2024,0.05,RGB,Zdj. cyfrowe,PL-1992,1:5000,GK-FOTO.6201.26.2024,,SkorowidzOrtofomapy2024.1322859.akt_data,,,,,,,,,,,,,,,,2024-09-23,TAK,https://opendata.geoportal.gov.pl/ortofotomapa/81010/81010_1322859_N-34-50-C-c-3-2.tif,,SkorowidzOrtofomapy2024.1322859.dt_pzgik,,,,,,,,,,,,,,,,2024-12-19,1159,226101_1,JEW,Gdańsk - gmina miejska,"68295",,,,NZN,NZN,PL.PZGIK.200,2b194616-cbeb-49dc-b933-8e4c4d930183,EGIB,226101_1,,,"0",,"13136",2025-02-28T16:25:41,,2012-02-25T00:00:00,,2025-02-28T16:25:41,,"2763400","2.00162354083","2.00162353976",".09450928201"
SkorowidzOrtofomapy2024.1322864,,,,,,,,,,,,,N-34-50-C-c-4-3,2024,0.05,RGB,Zdj. cyfrowe,PL-1992,1:5000,GK-FOTO.6201.26.2024,,SkorowidzOrtofomapy2024.1322864.akt_data,,,,,,,,,,,,,,,,2024-09-23,TAK,https://opendata.geoportal.gov.pl/ortofotomapa/81010/81010_1322864_N-34-50-C-c-4-3.tif,,SkorowidzOrtofomapy2024.1322864.dt_pzgik,,,,,,,,,,,,,,,,2024-12-19,1083,226101_1,JEW,Gdańsk - gmina miejska,"68295",,,,NZN,NZN,PL.PZGIK.200,2b194616-cbeb-49dc-b933-8e4c4d930183,EGIB,226101_1,,,"0",,"13136",2025-02-28T16:25:41,,2012-02-25T00:00:00,,2025-02-28T16:25:41,,"2763400","2.00162354083","2.00162353976",".09450928201"
SkorowidzOrtofomapy2024.1322860,,,,,,,,,,,,,N-34-50-C-c-3-3,2024,0.05,RGB,Zdj. cyfrowe,PL-1992,1:5000,GK-FOTO.6201.26.2024,,SkorowidzOrtofomapy2024.1322860.akt_data,,,,,,,,,,,,,,,,2024-09-23,TAK,https://opendata.geoportal.gov.pl/ortofotomapa/81010/81010_1322860_N-34-50-C-c-3-3.tif,,SkorowidzOrtofomapy2024.1322860.dt_pzgik,,,,,,,,,,,,,,,,2024-12-19,1045,226101_1,JEW,Gdańsk - gmina miejska,"68295",,,,NZN,NZN,PL.PZGIK.200,2b194616-cbeb-49dc-b933-8e4c4d930183,EGIB,226101_1,,,"0",,"13136",2025-02-28T16:25:41,,2012-02-25T00:00:00,,2025-02-28T16:25:41,,"2763400","2.00162354083","2.00162353976",".09450928201"
SkorowidzOrtofomapy2024.1322891,,,,,,,,,,,,,N-34-50-D-d-3-4,2024,0.05,RGB,Zdj. cyfrowe,PL-1992,1:5000,GK-FOTO.6201.26.2024,,SkorowidzOrtofomapy2024.1322891.akt_data,,,,,,,,,,,,,,,,2024-09-23,TAK,https://opendata.geoportal.gov.pl/ortofotomapa/81010/81010_1322891_N-34-50-D-d-3-4.tif,,SkorowidzOrtofomapy2024.1322891.dt_pzgik,,,,,,,,,,,,,,,,2024-12-19,876,226101_1,JEW,Gdańsk - gmina miejska,"68295",,,,NZN,NZN,PL.PZGIK.200,2b194616-cbeb-49dc-b933-8e4c4d930183,EGIB,226101_1,,,"0",,"13136",2025-02-28T16:25:41,,2012-02-25T00:00:00,,2025-02-28T16:25:41,,"2763400","2.00162354083","2.00162353976",".09450928201"
SkorowidzOrtofomapy2024.1322853,,,,,,,,,,,,,N-34-50-C-c-1-4,2024,0.05,RGB,Zdj. cyfrowe,PL-1992,1:5000,GK-FOTO.6201.26.2024,,SkorowidzOrtofomapy2024.1322853.akt_data,,,,,,,,,,,,,,,,2024-09-23,TAK,https://opendata.geoportal.gov.pl/ortofotomapa/81010/81010_1322853_N-34-50-C-c-1-4.tif,,SkorowidzOrtofomapy2024.1322853.dt_pzgik,,,,,,,,,,,,,,,,2024-12-19,1165,226101_1,JEW,Gdańsk - gmina miejska,"68295",,,,NZN,NZN,PL.PZGIK.200,2b194616-cbeb-49dc-b933-8e4c4d930183,EGIB,226101_1,,,"0",,"13136",2025-02-28T16:25:41,,2012-02-25T00:00:00,,2025-02-28T16:25:41,,"2763400","2.00162354083","2.00162353976",".09450928201"
SkorowidzOrtofomapy2024.1322927,,,,,,,,,,,,,N-34-62-B-b-2-1,2024,0.05,RGB,Zdj. cyfrowe,PL-1992,1:5000,GK-FOTO.6201.26.2024,,SkorowidzOrtofomapy2024.1322927.akt_data,,,,,,,,,,,,,,,,2024-09-23,TAK,https://opendata.geoportal.gov.pl/ortofotomapa/81010/81010_1322927_N-34-62-B-b-2-1.tif,,SkorowidzOrtofomapy2024.1322927.dt_pzgik,,,,,,,,,,,,,,,,2024-12-19,1134,226101_1,JEW,Gdańsk - gmina miejska,"68295",,,,NZN,NZN,PL.PZGIK.200,2b194616-cbeb-49dc-b933-8e4c4d930183,EGIB,226101_1,,,"0",,"13136",2025-02-28T16:25:41,,2012-02-25T00:00:00,,2025-02-28T16:25:41,,"2763400","2.00162354083","2.00162353976",".09450928201"
SkorowidzOrtofomapy2024.1322929,,,,,,,,,,,,,N-34-62-B-b-4-1,2024,0.05,RGB,Zdj. cyfrowe,PL-1992,1:5000,GK-FOTO.6201.26.2024,,SkorowidzOrtofomapy2024.1322929.akt_data,,,,,,,,,,,,,,,,2024-09-23,TAK,https://opendata.geoportal.gov.pl/ortofotomapa/81010/81010_1322929_N-34-62-B-b-4-1.tif,,SkorowidzOrtofomapy2024.1322929.dt_pzgik,,,,,,,,,,,,,,,,2024-12-19,1046,226101_1,JEW,Gdańsk - gmina miejska,"68295",,,,NZN,NZN,PL.PZGIK.200,2b194616-cbeb-49dc-b933-8e4c4d930183,EGIB,226101_1,,,"0",,"13136",2025-02-28T16:25:41,,2012-02-25T00:00:00,,2025-02-28T16:25:41,,"2763400","2.00162354083","2.00162353976",".09450928201"
SkorowidzOrtofomapy2024.1322926,,,,,,,,,,,,,N-34-62-B-b-1-4,2024,0.05,RGB,Zdj. cyfrowe,PL-1992,1:5000,GK-FOTO.6201.26.2024,,SkorowidzOrtofomapy2024.1322926.akt_data,,,,,,,,,,,,,,,,2024-09-23,TAK,https://opendata.geoportal.gov.pl/ortofotomapa/81010/81010_1322926_N-34-62-B-b-1-4.tif,,SkorowidzOrtofomapy2024.1322926.dt_pzgik,,,,,,,,,,,,,,,,2024-12-19,1031,226101_1,JEW,Gdańsk - gmina miejska,"68295",,,,NZN,NZN,PL.PZGIK.200,2b194616-cbeb-49dc-b933-8e4c4d930183,EGIB,226101_1,,,"0",,"13136",2025-02-28T16:25:41,,2012-02-25T00:00:00,,2025-02-28T16:25:41,,"2763400","2.00162354083","2.00162353976",".09450928201"
SkorowidzOrtofomapy2024.1322938,,,,,,,,,,,,,N-34-50-C-a-4-3,2024,0.05,RGB,Zdj. cyfrowe,PL-1992,1:5000,GK-FOTO.6201.26.2024,,SkorowidzOrtofomapy2024.1322938.akt_data,,,,,,,,,,,,,,,,2024-09-23,TAK,https://opendata.geoportal.gov.pl/ortofotomapa/81010/81010_1322938_N-34-50-C-a-4-3.tif,,SkorowidzOrtofomapy2024.1322938.dt_pzgik,,,,,,,,,,,,,,,,2024-12-19,902,226101_1,JEW,Gdańsk - gmina miejska,"68295",,,,NZN,NZN,PL.PZGIK.200,2b194616-cbeb-49dc-b933-8e4c4d930183,EGIB,226101_1,,,"0",,"13136",2025-02-28T16:25:41,,2012-02-25T00:00:00,,2025-02-28T16:25:41,,"2763400","2.00162354083","2.00162353976",".09450928201"
SkorowidzOrtofomapy2024.1322858,,,,,,,,,,,,,N-34-50-C-c-3-1,2024,0.05,RGB,Zdj. cyfrowe,PL-1992,1:5000,GK-FOTO.6201.26.2024,,SkorowidzOrtofomapy2024.1322858.akt_data,,,,,,,,,,,,,,,,2024-09-23,TAK,https://opendata.geoportal.gov.pl/ortofotomapa/81010/81010_1322858_N-34-50-C-c-3-1.tif,,SkorowidzOrtofomapy2024.1322858.dt_pzgik,,,,,,,,,,,,,,,,2024-12-19,1116,226101_1,JEW,Gdańsk - gmina miejska,"68295",,,,NZN,NZN,PL.PZGIK.200,2b194616-cbeb-49dc-b933-8e4c4d930183,EGIB,226101_1,,,"0",,"13136",2025-02-28T16:25:41,,2012-02-25T00:00:00,,2025-02-28T16:25:41,,"2763400","2.00162354083","2.00162353976",".09450928201"
SkorowidzOrtofomapy2024.1322895,,,,,,,,,,,,,N-34-61-B-b-2-2,2024,0.05,RGB,Zdj. cyfrowe,PL-1992,1:5000,GK-FOTO.6201.26.2024,,SkorowidzOrtofomapy2024.1322895.akt_data,,,,,,,,,,,,,,,,2024-09-23,TAK,https://opendata.geoportal.gov.pl/ortofotomapa/81010/81010_1322895_N-34-61-B-b-2-2.tif,,SkorowidzOrtofomapy2024.1322895.dt_pzgik,,,,,,,,,,,,,,,,2024-12-19,1041,226101_1,JEW,Gdańsk - gmina miejska,"68295",,,,NZN,NZN,PL.PZGIK.200,2b194616-cbeb-49dc-b933-8e4c4d930183,EGIB,226101_1,,,"0",,"13136",2025-02-28T16:25:41,,2012-02-25T00:00:00,,2025-02-28T16:25:41,,"2763400","2.00162354083","2.00162353976",".09450928201"
SkorowidzOrtofomapy2024.1322850,,,,,,,,,,,,,N-34-50-C-c-1-1,2024,0.05,RGB,Zdj. cyfrowe,PL-1992,1:5000,GK-FOTO.6201.26.2024,,SkorowidzOrtofomapy2024.1322850.akt_data,,,,,,,,,,,,,,,,2024-09-23,TAK,https://opendata.geoportal.gov.pl/ortofotomapa/81010/81010_1322850_N-34-50-C-c-1-1.tif,,SkorowidzOrtofomapy2024.1322850.dt_pzgik,,,,,,,,,,,,,,,,2024-12-19,1161,226101_1,JEW,Gdańsk - gmina miejska,"68295",,,,NZN,NZN,PL.PZGIK.200,2b194616-cbeb-49dc-b933-8e4c4d930183,EGIB,226101_1,,,"0",,"13136",2025-02-28T16:25:41,,2012-02-25T00:00:00,,2025-02-28T16:25:41,,"2763400","2.00162354083","2.00162353976",".09450928201"
SkorowidzOrtofomapy2024.1322827,,,,,,,,,,,,,N-34-49-D-d-2-2,2024,0.05,RGB,Zdj. cyfrowe,PL-1992,1:5000,GK-FOTO.6201.26.2024,,SkorowidzOrtofomapy2024.1322827.akt_data,,,,,,,,,,,,,,,,2024-09-23,TAK,https://opendata.geoportal.gov.pl/ortofotomapa/81010/81010_1322827_N-34-49-D-d-2-2.tif,,SkorowidzOrtofomapy2024.1322827.dt_pzgik,,,,,,,,,,,,,,,,2024-12-19,1133,226101_1,JEW,Gdańsk - gmina miejska,"68295",,,,NZN,NZN,PL.PZGIK.200,2b194616-cbeb-49dc-b933-8e4c4d930183,EGIB,226101_1,,,"0",,"13136",2025-02-28T16:25:41,,2012-02-25T00:00:00,,2025-02-28T16:25:41,,"2763400","2.00162354083","2.00162353976",".09450928201"
SkorowidzOrtofomapy2024.1322899,,,,,,,,,,,,,N-34-62-A-a-2-1,2024,0.05,RGB,Zdj. cyfrowe,PL-1992,1:5000,GK-FOTO.6201.26.2024,,SkorowidzOrtofomapy2024.1322899.akt_data,,,,,,,,,,,,,,,,2024-09-23,TAK,https://opendata.geoportal.gov.pl/ortofotomapa/81010/81010_1322899_N-34-62-A-a-2-1.tif,,SkorowidzOrtofomapy2024.1322899.dt_pzgik,,,,,,,,,,,,,,,,2024-12-19,1065,226101_1,JEW,Gdańsk - gmina miejska,"68295",,,,NZN,NZN,PL.PZGIK.200,2b194616-cbeb-49dc-b933-8e4c4d930183,EGIB,226101_1,,,"0",,"13136",2025-02-28T16:25:41,,2012-02-25T00:00:00,,2025-02-28T16:25:41,,"2763400","2.00162354083","2.00162353976",".09450928201"
SkorowidzOrtofomapy2024.1322901,,,,,,,,,,,,,N-34-62-A-a-2-3,2024,0.05,RGB,Zdj. cyfrowe,PL-1992,1:5000,GK-FOTO.6201.26.2024,,SkorowidzOrtofomapy2024.1322901.akt_data,,,,,,,,,,,,,,,,2024-09-23,TAK,https://opendata.geoportal.gov.pl/ortofotomapa/81010/81010_1322901_N-34-62-A-a-2-3.tif,,SkorowidzOrtofomapy2024.1322901.dt_pzgik,,,,,,,,,,,,,,,,2024-12-19,1127,226101_1,JEW,Gdańsk - gmina miejska,"68295",,,,NZN,NZN,PL.PZGIK.200,2b194616-cbeb-49dc-b933-8e4c4d930183,EGIB,226101_1,,,"0",,"13136",2025-02-28T16:25:41,,2012-02-25T00:00:00,,2025-02-28T16:25:41,,"2763400","2.00162354083","2.00162353976",".09450928201"
SkorowidzOrtofomapy2024.1322851,,,,,,,,,,,,,N-34-50-C-c-1-2,2024,0.05,RGB,Zdj. cyfrowe,PL-1992,1:5000,GK-FOTO.6201.26.2024,,SkorowidzOrtofomapy2024.1322851.akt_data,,,,,,,,,,,,,,,,2024-09-23,TAK,https://opendata.geoportal.gov.pl/ortofotomapa/81010/81010_1322851_N-34-50-C-c-1-2.tif,,SkorowidzOrtofomapy2024.1322851.dt_pzgik,,,,,,,,,,,,,,,,2024-12-19,1087,226101_1,JEW,Gdańsk - gmina miejska,"68295",,,,NZN,NZN,PL.PZGIK.200,2b194616-cbeb-49dc-b933-8e4c4d930183,EGIB,226101_1,,,"0",,"13136",2025-02-28T16:25:41,,2012-02-25T00:00:00,,2025-02-28T16:25:41,,"2763400","2.00162354083","2.00162353976",".09450928201"
SkorowidzOrtofomapy2024.1322898,,,,,,,,,,,,,N-34-62-A-a-1-4,2024,0.05,RGB,Zdj. cyfrowe,PL-1992,1:5000,GK-FOTO.6201.26.2024,,SkorowidzOrtofomapy2024.1322898.akt_data,,,,,,,,,,,,,,,,2024-09-23,TAK,https://opendata.geoportal.gov.pl/ortofotomapa/81010/81010_1322898_N-34-62-A-a-1-4.tif,,SkorowidzOrtofomapy2024.1322898.dt_pzgik,,,,,,,,,,,,,,,,2024-12-19,1074,226101_1,JEW,Gdańsk - gmina miejska,"68295",,,,NZN,NZN,PL.PZGIK.200,2b194616-cbeb-49dc-b933-8e4c4d930183,EGIB,226101_1,,,"0",,"13136",2025-02-28T16:25:41,,2012-02-25T00:00:00,,2025-02-28T16:25:41,,"2763400","2.00162354083","2.00162353976",".09450928201"
SkorowidzOrtofomapy2024.1322854,,,,,,,,,,,,,N-34-50-C-c-2-1,2024,0.05,RGB,Zdj. cyfrowe,PL-1992,1:5000,GK-FOTO.6201.26.2024,,SkorowidzOrtofomapy2024.1322854.akt_data,,,,,,,,,,,,,,,,2024-09-23,TAK,https://opendata.geoportal.gov.pl/ortofotomapa/81010/81010_1322854_N-34-50-C-c-2-1.tif,,SkorowidzOrtofomapy2024.1322854.dt_pzgik,,,,,,,,,,,,,,,,2024-12-19,947,226101_1,JEW,Gdańsk - gmina miejska,"68295",,,,NZN,NZN,PL.PZGIK.200,2b194616-cbeb-49dc-b933-8e4c4d930183,EGIB,226101_1,,,"0",,"13136",2025-02-28T16:25:41,,2012-02-25T00:00:00,,2025-02-28T16:25:41,,"2763400","2.00162354083","2.00162353976",".09450928201"
SkorowidzOrtofomapy2024.1322822,,,,,,,,,,,,,N-34-49-D-b-4-2,2024,0.05,RGB,Zdj. cyfrowe,PL-1992,1:5000,GK-FOTO.6201.26.2024,,SkorowidzOrtofomapy2024.1322822.akt_data,,,,,,,,,,,,,,,,2024-09-23,TAK,https://opendata.geoportal.gov.pl/ortofotomapa/81010/81010_1322822_N-34-49-D-b-4-2.tif,,SkorowidzOrtofomapy2024.1322822.dt_pzgik,,,,,,,,,,,,,,,,2024-12-19,1139,226101_1,JEW,Gdańsk - gmina miejska,"68295",,,,NZN,NZN,PL.PZGIK.200,2b194616-cbeb-49dc-b933-8e4c4d930183,EGIB,226101_1,,,"0",,"13136",2025-02-28T16:25:41,,2012-02-25T00:00:00,,2025-02-28T16:25:41,,"2763400","2.00162354083","2.00162353976",".09450928201"
SkorowidzOrtofomapy2024.1322893,,,,,,,,,,,,,N-34-50-D-d-4-3,2024,0.05,RGB,Zdj. cyfrowe,PL-1992,1:5000,GK-FOTO.6201.26.2024,,SkorowidzOrtofomapy2024.1322893.akt_data,,,,,,,,,,,,,,,,2024-09-23,TAK,https://opendata.geoportal.gov.pl/ortofotomapa/81010/81010_1322893_N-34-50-D-d-4-3.tif,,SkorowidzOrtofomapy2024.1322893.dt_pzgik,,,,,,,,,,,,,,,,2024-12-19,905,226101_1,JEW,Gdańsk - gmina miejska,"68295",,,,NZN,NZN,PL.PZGIK.200,2b194616-cbeb-49dc-b933-8e4c4d930183,EGIB,226101_1,,,"0",,"13136",2025-02-28T16:25:41,,2012-02-25T00:00:00,,2025-02-28T16:25:41,,"2763400","2.00162354083","2.00162353976",".09450928201"
SkorowidzOrtofomapy2024.1322935,,,,,,,,,,,,,N-34-50-C-a-3-3,2024,0.05,RGB,Zdj. cyfrowe,PL-1992,1:5000,GK-FOTO.6201.26.2024,,SkorowidzOrtofomapy2024.1322935.akt_data,,,,,,,,,,,,,,,,2024-09-23,TAK,https://opendata.geoportal.gov.pl/ortofotomapa/81010/81010_1322935_N-34-50-C-a-3-3.tif,,SkorowidzOrtofomapy2024.1322935.dt_pzgik,,,,,,,,,,,,,,,,2024-12-19,1148,226101_1,JEW,Gdańsk - gmina miejska,"68295",,,,NZN,NZN,PL.PZGIK.200,2b194616-cbeb-49dc-b933-8e4c4d930183,EGIB,226101_1,,,"0",,"13136",2025-02-28T16:25:41,,2012-02-25T00:00:00,,2025-02-28T16:25:41,,"2763400","2.00162354083","2.00162353976",".09450928201"
SkorowidzOrtofomapy2024.1322889,,,,,,,,,,,,,N-34-50-D-d-3-2,2024,0.05,RGB,Zdj. cyfrowe,PL-1992,1:5000,GK-FOTO.6201.26.2024,,SkorowidzOrtofomapy2024.1322889.akt_data,,,,,,,,,,,,,,,,2024-09-23,TAK,https://opendata.geoportal.gov.pl/ortofotomapa/81010/81010_1322889_N-34-50-D-d-3-2.tif,,SkorowidzOrtofomapy2024.1322889.dt_pzgik,,,,,,,,,,,,,,,,2024-12-19,72,226101_1,JEW,Gdańsk - gmina miejska,"68295",,,,NZN,NZN,PL.PZGIK.200,2b194616-cbeb-49dc-b933-8e4c4d930183,EGIB,226101_1,,,"0",,"13136",2025-02-28T16:25:41,,2012-02-25T00:00:00,,2025-02-28T16:25:41,,"2763400","2.00162354083","2.00162353976",".09450928201"
SkorowidzOrtofomapy2024.1322824,,,,,,,,,,,,,N-34-49-D-b-4-4,2024,0.05,RGB,Zdj. cyfrowe,PL-1992,1:5000,GK-FOTO.6201.26.2024,,SkorowidzOrtofomapy2024.1322824.akt_data,,,,,,,,,,,,,,,,2024-09-23,TAK,https://opendata.geoportal.gov.pl/ortofotomapa/81010/81010_1322824_N-34-49-D-b-4-4.tif,,SkorowidzOrtofomapy2024.1322824.dt_pzgik,,,,,,,,,,,,,,,,2024-12-19,1074,226101_1,JEW,Gdańsk - gmina miejska,"68295",,,,NZN,NZN,PL.PZGIK.200,2b194616-cbeb-49dc-b933-8e4c4d930183,EGIB,226101_1,,,"0",,"13136",2025-02-28T16:25:41,,2012-02-25T00:00:00,,2025-02-28T16:25:41,,"2763400","2.00162354083","2.00162353976",".09450928201"
SkorowidzOrtofomapy2024.1322862,,,,,,,,,,,,,N-34-50-C-c-4-1,2024,0.05,RGB,Zdj. cyfrowe,PL-1992,1:5000,GK-FOTO.6201.26.2024,,SkorowidzOrtofomapy2024.1322862.akt_data,,,,,,,,,,,,,,,,2024-09-23,TAK,https://opendata.geoportal.gov.pl/ortofotomapa/81010/81010_1322862_N-34-50-C-c-4-1.tif,,SkorowidzOrtofomapy2024.1322862.dt_pzgik,,,,,,,,,,,,,,,,2024-12-19,1090,226101_1,JEW,Gdańsk - gmina miejska,"68295",,,,NZN,NZN,PL.PZGIK.200,2b194616-cbeb-49dc-b933-8e4c4d930183,EGIB,226101_1,,,"0",,"13136",2025-02-28T16:25:41,,2012-02-25T00:00:00,,2025-02-28T16:25:41,,"2763400","2.00162354083","2.00162353976",".09450928201"
SkorowidzOrtofomapy2024.1322856,,,,,,,,,,,,,N-34-50-C-c-2-3,2024,0.05,RGB,Zdj. cyfrowe,PL-1992,1:5000,GK-FOTO.6201.26.2024,,SkorowidzOrtofomapy2024.1322856.akt_data,,,,,,,,,,,,,,,,2024-09-23,TAK,https://opendata.geoportal.gov.pl/ortofotomapa/81010/81010_1322856_N-34-50-C-c-2-3.tif,,SkorowidzOrtofomapy2024.1322856.dt_pzgik,,,,,,,,,,,,,,,,2024-12-19,1033,226101_1,JEW,Gdańsk - gmina miejska,"68295",,,,NZN,NZN,PL.PZGIK.200,2b194616-cbeb-49dc-b933-8e4c4d930183,EGIB,226101_1,,,"0",,"13136",2025-02-28T16:25:41,,2012-02-25T00:00:00,,2025-02-28T16:25:41,,"2763400","2.00162354083","2.00162353976",".09450928201"
SkorowidzOrtofomapy2024.1322936,,,,,,,,,,,,,N-34-50-C-a-3-4,2024,0.05,RGB,Zdj. cyfrowe,PL-1992,1:5000,GK-FOTO.6201.26.2024,,SkorowidzOrtofomapy2024.1322936.akt_data,,,,,,,,,,,,,,,,2024-09-23,TAK,https://opendata.geoportal.gov.pl/ortofotomapa/81010/81010_1322936_N-34-50-C-a-3-4.tif,,SkorowidzOrtofomapy2024.1322936.dt_pzgik,,,,,,,,,,,,,,,,2024-12-19,1113,226101_1,JEW,Gdańsk - gmina miejska,"68295",,,,NZN,NZN,PL.PZGIK.200,2b194616-cbeb-49dc-b933-8e4c4d930183,EGIB,226101_1,,,"0",,"13136",2025-02-28T16:25:41,,2012-02-25T00:00:00,,2025-02-28T16:25:41,,"2763400","2.00162354083","2.00162353976",".09450928201"
SkorowidzOrtofomapy2024.1322833,,,,,,,,,,,,,N-34-49-D-d-4-4,2024,0.05,RGB,Zdj. cyfrowe,PL-1992,1:5000,GK-FOTO.6201.26.2024,,SkorowidzOrtofomapy2024.1322833.akt_data,,,,,,,,,,,,,,,,2024-09-23,TAK,https://opendata.geoportal.gov.pl/ortofotomapa/81010/81010_1322833_N-34-49-D-d-4-4.tif,,SkorowidzOrtofomapy2024.1322833.dt_pzgik,,,,,,,,,,,,,,,,2024-12-19,1094,226101_1,JEW,Gdańsk - gmina miejska,"68295",,,,NZN,NZN,PL.PZGIK.200,2b194616-cbeb-49dc-b933-8e4c4d930183,EGIB,226101_1,,,"0",,"13136",2025-02-28T16:25:41,,2012-02-25T00:00:00,,2025-02-28T16:25:41,,"2763400","2.00162354083","2.00162353976",".09450928201"
SkorowidzOrtofomapy2024.1322928,,,,,,,,,,,,,N-34-62-B-b-3-2,2024,0.05,RGB,Zdj. cyfrowe,PL-1992,1:5000,GK-FOTO.6201.26.2024,,SkorowidzOrtofomapy2024.1322928.akt_data,,,,,,,,,,,,,,,,2024-09-23,TAK,https://opendata.geoportal.gov.pl/ortofotomapa/81010/81010_1322928_N-34-62-B-b-3-2.tif,,SkorowidzOrtofomapy2024.1322928.dt_pzgik,,,,,,,,,,,,,,,,2024-12-19,1215,226101_1,JEW,Gdańsk - gmina miejska,"68295",,,,NZN,NZN,PL.PZGIK.200,2b194616-cbeb-49dc-b933-8e4c4d930183,EGIB,226101_1,,,"0",,"13136",2025-02-28T16:25:41,,2012-02-25T00:00:00,,2025-02-28T16:25:41,,"2763400","2.00162354083","2.00162353976",".09450928201"
SkorowidzOrtofomapy2024.1322831,,,,,,,,,,,,,N-34-49-D-d-4-2,2024,0.05,RGB,Zdj. cyfrowe,PL-1992,1:5000,GK-FOTO.6201.26.2024,,SkorowidzOrtofomapy2024.1322831.akt_data,,,,,,,,,,,,,,,,2024-09-23,TAK,https://opendata.geoportal.gov.pl/ortofotomapa/81010/81010_1322831_N-34-49-D-d-4-2.tif,,SkorowidzOrtofomapy2024.1322831.dt_pzgik,,,,,,,,,,,,,,,,2024-12-19,1043,226101_1,JEW,Gdańsk - gmina miejska,"68295",,,,NZN,NZN,PL.PZGIK.200,2b194616-cbeb-49dc-b933-8e4c4d930183,EGIB,226101_1,,,"0",,"13136",2025-02-28T16:25:41,,2012-02-25T00:00:00,,2025-02-28T16:25:41,,"2763400","2.00162354083","2.00162353976",".09450928201"
SkorowidzOrtofomapy2024.1322924,,,,,,,,,,,,,N-34-62-B-b-1-2,2024,0.05,RGB,Zdj. cyfrowe,PL-1992,1:5000,GK-FOTO.6201.26.2024,,SkorowidzOrtofomapy2024.1322924.akt_data,,,,,,,,,,,,,,,,2024-09-23,TAK,https://opendata.geoportal.gov.pl/ortofotomapa/81010/81010_1322924_N-34-62-B-b-1-2.tif,,SkorowidzOrtofomapy2024.1322924.dt_pzgik,,,,,,,,,,,,,,,,2024-12-19,1059,226101_1,JEW,Gdańsk - gmina miejska,"68295",,,,NZN,NZN,PL.PZGIK.200,2b194616-cbeb-49dc-b933-8e4c4d930183,EGIB,226101_1,,,"0",,"13136",2025-02-28T16:25:41,,2012-02-25T00:00:00,,2025-02-28T16:25:41,,"2763400","2.00162354083","2.00162353976",".09450928201"
SkorowidzOrtofomapy2024.1322897,,,,,,,,,,,,,N-34-62-A-a-1-2,2024,0.05,RGB,Zdj. cyfrowe,PL-1992,1:5000,GK-FOTO.6201.26.2024,,SkorowidzOrtofomapy2024.1322897.akt_data,,,,,,,,,,,,,,,,2024-09-23,TAK,https://opendata.geoportal.gov.pl/ortofotomapa/81010/81010_1322897_N-34-62-A-a-1-2.tif,,SkorowidzOrtofomapy2024.1322897.dt_pzgik,,,,,,,,,,,,,,,,2024-12-19,1035,226101_1,JEW,Gdańsk - gmina miejska,"68295",,,,NZN,NZN,PL.PZGIK.200,2b194616-cbeb-49dc-b933-8e4c4d930183,EGIB,226101_1,,,"0",,"13136",2025-02-28T16:25:41,,2012-02-25T00:00:00,,2025-02-28T16:25:41,,"2763400","2.00162354083","2.00162353976",".09450928201"
SkorowidzOrtofomapy2024.1322903,,,,,,,,,,,,,N-34-62-A-a-4-2,2024,0.05,RGB,Zdj. cyfrowe,PL-1992,1:5000,GK-FOTO.6201.26.2024,,SkorowidzOrtofomapy2024.1322903.akt_data,,,,,,,,,,,,,,,,2024-10-01,TAK,https://opendata.geoportal.gov.pl/ortofotomapa/81010/81010_1322903_N-34-62-A-a-4-2.tif,,SkorowidzOrtofomapy2024.1322903.dt_pzgik,,,,,,,,,,,,,,,,2024-12-19,1189,226101_1,JEW,Gdańsk - gmina miejska,"68295",,,,NZN,NZN,PL.PZGIK.200,2b194616-cbeb-49dc-b933-8e4c4d930183,EGIB,226101_1,,,"0",,"13136",2025-02-28T16:25:41,,2012-02-25T00:00:00,,2025-02-28T16:25:41,,"2763400","2.00162354083","2.00162353976",".09450928201"
SkorowidzOrtofomapy2024.1322908,,,,,,,,,,,,,N-34-62-A-b-1-4,2024,0.05,RGB,Zdj. cyfrowe,PL-1992,1:5000,GK-FOTO.6201.26.2024,,SkorowidzOrtofomapy2024.1322908.akt_data,,,,,,,,,,,,,,,,2024-10-01,TAK,https://opendata.geoportal.gov.pl/ortofotomapa/81010/81010_1322908_N-34-62-A-b-1-4.tif,,SkorowidzOrtofomapy2024.1322908.dt_pzgik,,,,,,,,,,,,,,,,2024-12-19,1263,226101_1,JEW,Gdańsk - gmina miejska,"68295",,,,NZN,NZN,PL.PZGIK.200,2b194616-cbeb-49dc-b933-8e4c4d930183,EGIB,226101_1,,,"0",,"13136",2025-02-28T16:25:41,,2012-02-25T00:00:00,,2025-02-28T16:25:41,,"2763400","2.00162354083","2.00162353976",".09450928201"
SkorowidzOrtofomapy2024.1322857,,,,,,,,,,,,,N-34-50-C-c-2-4,2024,0.05,RGB,Zdj. cyfrowe,PL-1992,1:5000,GK-FOTO.6201.26.2024,,SkorowidzOrtofomapy2024.1322857.akt_data,,,,,,,,,,,,,,,,2024-10-01,TAK,https://opendata.geoportal.gov.pl/ortofotomapa/81010/81010_1322857_N-34-50-C-c-2-4.tif,,SkorowidzOrtofomapy2024.1322857.dt_pzgik,,,,,,,,,,,,,,,,2024-12-19,974,226101_1,JEW,Gdańsk - gmina miejska,"68295",,,,NZN,NZN,PL.PZGIK.200,2b194616-cbeb-49dc-b933-8e4c4d930183,EGIB,226101_1,,,"0",,"13136",2025-02-28T16:25:41,,2012-02-25T00:00:00,,2025-02-28T16:25:41,,"2763400","2.00162354083","2.00162353976",".09450928201"
SkorowidzOrtofomapy2024.1322905,,,,,,,,,,,,,N-34-62-A-b-1-1,2024,0.05,RGB,Zdj. cyfrowe,PL-1992,1:5000,GK-FOTO.6201.26.2024,,SkorowidzOrtofomapy2024.1322905.akt_data,,,,,,,,,,,,,,,,2024-10-01,TAK,https://opendata.geoportal.gov.pl/ortofotomapa/81010/81010_1322905_N-34-62-A-b-1-1.tif,,SkorowidzOrtofomapy2024.1322905.dt_pzgik,,,,,,,,,,,,,,,,2024-12-19,1116,226101_1,JEW,Gdańsk - gmina miejska,"68295",,,,NZN,NZN,PL.PZGIK.200,2b194616-cbeb-49dc-b933-8e4c4d930183,EGIB,226101_1,,,"0",,"13136",2025-02-28T16:25:41,,2012-02-25T00:00:00,,2025-02-28T16:25:41,,"2763400","2.00162354083","2.00162353976",".09450928201"
SkorowidzOrtofomapy2024.1322863,,,,,,,,,,,,,N-34-50-C-c-4-2,2024,0.05,RGB,Zdj. cyfrowe,PL-1992,1:5000,GK-FOTO.6201.26.2024,,SkorowidzOrtofomapy2024.1322863.akt_data,,,,,,,,,,,,,,,,2024-10-01,TAK,https://opendata.geoportal.gov.pl/ortofotomapa/81010/81010_1322863_N-34-50-C-c-4-2.tif,,SkorowidzOrtofomapy2024.1322863.dt_pzgik,,,,,,,,,,,,,,,,2024-12-19,1066,226101_1,JEW,Gdańsk - gmina miejska,"68295",,,,NZN,NZN,PL.PZGIK.200,2b194616-cbeb-49dc-b933-8e4c4d930183,EGIB,226101_1,,,"0",,"13136",2025-02-28T16:25:41,,2012-02-25T00:00:00,,2025-02-28T16:25:41,,"2763400","2.00162354083","2.00162353976",".09450928201"
SkorowidzOrtofomapy2024.1322855,,,,,,,,,,,,,N-34-50-C-c-2-2,2024,0.05,RGB,Zdj. cyfrowe,PL-1992,1:5000,GK-FOTO.6201.26.2024,,SkorowidzOrtofomapy2024.1322855.akt_data,,,,,,,,,,,,,,,,2024-10-01,TAK,https://opendata.geoportal.gov.pl/ortofotomapa/81010/81010_1322855_N-34-50-C-c-2-2.tif,,SkorowidzOrtofomapy2024.1322855.dt_pzgik,,,,,,,,,,,,,,,,2024-12-19,946,226101_1,JEW,Gdańsk - gmina miejska,"68295",,,,NZN,NZN,PL.PZGIK.200,2b194616-cbeb-49dc-b933-8e4c4d930183,EGIB,226101_1,,,"0",,"13136",2025-02-28T16:25:41,,2012-02-25T00:00:00,,2025-02-28T16:25:41,,"2763400","2.00162354083","2.00162353976",".09450928201"
SkorowidzOrtofomapy2024.1322909,,,,,,,,,,,,,N-34-62-A-b-2-1,2024,0.05,RGB,Zdj. cyfrowe,PL-1992,1:5000,GK-FOTO.6201.26.2024,,SkorowidzOrtofomapy2024.1322909.akt_data,,,,,,,,,,,,,,,,2024-10-01,TAK,https://opendata.geoportal.gov.pl/ortofotomapa/81010/81010_1322909_N-34-62-A-b-2-1.tif,,SkorowidzOrtofomapy2024.1322909.dt_pzgik,,,,,,,,,,,,,,,,2024-12-19,1184,226101_1,JEW,Gdańsk - gmina miejska,"68295",,,,NZN,NZN,PL.PZGIK.200,2b194616-cbeb-49dc-b933-8e4c4d930183,EGIB,226101_1,,,"0",,"13136",2025-02-28T16:25:41,,2012-02-25T00:00:00,,2025-02-28T16:25:41,,"2763400","2.00162354083","2.00162353976",".09450928201"
SkorowidzOrtofomapy2024.1322906,,,,,,,,,,,,,N-34-62-A-b-1-2,2024,0.05,RGB,Zdj. cyfrowe,PL-1992,1:5000,GK-FOTO.6201.26.2024,,SkorowidzOrtofomapy2024.1322906.akt_data,,,,,,,,,,,,,,,,2024-10-01,TAK,https://opendata.geoportal.gov.pl/ortofotomapa/81010/81010_1322906_N-34-62-A-b-1-2.tif,,SkorowidzOrtofomapy2024.1322906.dt_pzgik,,,,,,,,,,,,,,,,2024-12-19,1233,226101_1,JEW,Gdańsk - gmina miejska,"68295",,,,NZN,NZN,PL.PZGIK.200,2b194616-cbeb-49dc-b933-8e4c4d930183,EGIB,226101_1,,,"0",,"13136",2025-02-28T16:25:41,,2012-02-25T00:00:00,,2025-02-28T16:25:41,,"2763400","2.00162354083","2.00162353976",".09450928201"
SkorowidzOrtofomapy2024.1322869,,,,,,,,,,,,,N-34-50-C-d-1-4,2024,0.05,RGB,Zdj. cyfrowe,PL-1992,1:5000,GK-FOTO.6201.26.2024,,SkorowidzOrtofomapy2024.1322869.akt_data,,,,,,,,,,,,,,,,2024-10-01,TAK,https://opendata.geoportal.gov.pl/ortofotomapa/81010/81010_1322869_N-34-50-C-d-1-4.tif,,SkorowidzOrtofomapy2024.1322869.dt_pzgik,,,,,,,,,,,,,,,,2024-12-19,889,226101_1,JEW,Gdańsk - gmina miejska,"68295",,,,NZN,NZN,PL.PZGIK.200,2b194616-cbeb-49dc-b933-8e4c4d930183,EGIB,226101_1,,,"0",,"13136",2025-02-28T16:25:41,,2012-02-25T00:00:00,,2025-02-28T16:25:41,,"2763400","2.00162354083","2.00162353976",".09450928201"
SkorowidzOrtofomapy2024.1322912,,,,,,,,,,,,,N-34-62-A-b-3-1,2024,0.05,RGB,Zdj. cyfrowe,PL-1992,1:5000,GK-FOTO.6201.26.2024,,SkorowidzOrtofomapy2024.1322912.akt_data,,,,,,,,,,,,,,,,2024-10-01,TAK,https://opendata.geoportal.gov.pl/ortofotomapa/81010/81010_1322912_N-34-62-A-b-3-1.tif,,SkorowidzOrtofomapy2024.1322912.dt_pzgik,,,,,,,,,,,,,,,,2024-12-19,1201,226101_1,JEW,Gdańsk - gmina miejska,"68295",,,,NZN,NZN,PL.PZGIK.200,2b194616-cbeb-49dc-b933-8e4c4d930183,EGIB,226101_1,,,"0",,"13136",2025-02-28T16:25:41,,2012-02-25T00:00:00,,2025-02-28T16:25:41,,"2763400","2.00162354083","2.00162353976",".09450928201"
SkorowidzOrtofomapy2024.1322880,,,,,,,,,,,,,N-34-50-C-d-4-3,2024,0.05,RGB,Zdj. cyfrowe,PL-1992,1:5000,GK-FOTO.6201.26.2024,,SkorowidzOrtofomapy2024.1322880.akt_data,,,,,,,,,,,,,,,,2024-10-01,TAK,https://opendata.geoportal.gov.pl/ortofotomapa/81010/81010_1322880_N-34-50-C-d-4-3.tif,,SkorowidzOrtofomapy2024.1322880.dt_pzgik,,,,,,,,,,,,,,,,2024-12-19,1121,226101_1,JEW,Gdańsk - gmina miejska,"68295",,,,NZN,NZN,PL.PZGIK.200,2b194616-cbeb-49dc-b933-8e4c4d930183,EGIB,226101_1,,,"0",,"13136",2025-02-28T16:25:41,,2012-02-25T00:00:00,,2025-02-28T16:25:41,,"2763400","2.00162354083","2.00162353976",".09450928201"
SkorowidzOrtofomapy2024.1322867,,,,,,,,,,,,,N-34-50-C-d-1-2,2024,0.05,RGB,Zdj. cyfrowe,PL-1992,1:5000,GK-FOTO.6201.26.2024,,SkorowidzOrtofomapy2024.1322867.akt_data,,,,,,,,,,,,,,,,2024-10-01,TAK,https://opendata.geoportal.gov.pl/ortofotomapa/81010/81010_1322867_N-34-50-C-d-1-2.tif,,SkorowidzOrtofomapy2024.1322867.dt_pzgik,,,,,,,,,,,,,,,,2024-12-19,602,226101_1,JEW,Gdańsk - gmina miejska,"68295",,,,NZN,NZN,PL.PZGIK.200,2b194616-cbeb-49dc-b933-8e4c4d930183,EGIB,226101_1,,,"0",,"13136",2025-02-28T16:25:41,,2012-02-25T00:00:00,,2025-02-28T16:25:41,,"2763400","2.00162354083","2.00162353976",".09450928201"
SkorowidzOrtofomapy2024.1322939,,,,,,,,,,,,,N-34-50-C-a-4-4,2024,0.05,RGB,Zdj. cyfrowe,PL-1992,1:5000,GK-FOTO.6201.26.2024,,SkorowidzOrtofomapy2024.1322939.akt_data,,,,,,,,,,,,,,,,2024-10-01,TAK,https://opendata.geoportal.gov.pl/ortofotomapa/81010/81010_1322939_N-34-50-C-a-4-4.tif,,SkorowidzOrtofomapy2024.1322939.dt_pzgik,,,,,,,,,,,,,,,,2024-12-19,299,226101_1,JEW,Gdańsk - gmina miejska,"68295",,,,NZN,NZN,PL.PZGIK.200,2b194616-cbeb-49dc-b933-8e4c4d930183,EGIB,226101_1,,,"0",,"13136",2025-02-28T16:25:41,,2012-02-25T00:00:00,,2025-02-28T16:25:41,,"2763400","2.00162354083","2.00162353976",".09450928201"
SkorowidzOrtofomapy2024.1322878,,,,,,,,,,,,,N-34-50-C-d-4-1,2024,0.05,RGB,Zdj. cyfrowe,PL-1992,1:5000,GK-FOTO.6201.26.2024,,SkorowidzOrtofomapy2024.1322878.akt_data,,,,,,,,,,,,,,,,2024-10-01,TAK,https://opendata.geoportal.gov.pl/ortofotomapa/81010/81010_1322878_N-34-50-C-d-4-1.tif,,SkorowidzOrtofomapy2024.1322878.dt_pzgik,,,,,,,,,,,,,,,,2024-12-19,965,226101_1,JEW,Gdańsk - gmina miejska,"68295",,,,NZN,NZN,PL.PZGIK.200,2b194616-cbeb-49dc-b933-8e4c4d930183,EGIB,226101_1,,,"0",,"13136",2025-02-28T16:25:41,,2012-02-25T00:00:00,,2025-02-28T16:25:41,,"2763400","2.00162354083","2.00162353976",".09450928201"
SkorowidzOrtofomapy2024.1322900,,,,,,,,,,,,,N-34-62-A-a-2-2,2024,0.05,RGB,Zdj. cyfrowe,PL-1992,1:5000,GK-FOTO.6201.26.2024,,SkorowidzOrtofomapy2024.1322900.akt_data,,,,,,,,,,,,,,,,2024-10-01,TAK,https://opendata.geoportal.gov.pl/ortofotomapa/81010/81010_1322900_N-34-62-A-a-2-2.tif,,SkorowidzOrtofomapy2024.1322900.dt_pzgik,,,,,,,,,,,,,,,,2024-12-19,1070,226101_1,JEW,Gdańsk - gmina miejska,"68295",,,,NZN,NZN,PL.PZGIK.200,2b194616-cbeb-49dc-b933-8e4c4d930183,EGIB,226101_1,,,"0",,"13136",2025-02-28T16:25:41,,2012-02-25T00:00:00,,2025-02-28T16:25:41,,"2763400","2.00162354083","2.00162353976",".09450928201"
SkorowidzOrtofomapy2024.1322876,,,,,,,,,,,,,N-34-50-C-d-3-3,2024,0.05,RGB,Zdj. cyfrowe,PL-1992,1:5000,GK-FOTO.6201.26.2024,,SkorowidzOrtofomapy2024.1322876.akt_data,,,,,,,,,,,,,,,,2024-10-01,TAK,https://opendata.geoportal.gov.pl/ortofotomapa/81010/81010_1322876_N-34-50-C-d-3-3.tif,,SkorowidzOrtofomapy2024.1322876.dt_pzgik,,,,,,,,,,,,,,,,2024-12-19,1013,226101_1,JEW,Gdańsk - gmina miejska,"68295",,,,NZN,NZN,PL.PZGIK.200,2b194616-cbeb-49dc-b933-8e4c4d930183,EGIB,226101_1,,,"0",,"13136",2025-02-28T16:25:41,,2012-02-25T00:00:00,,2025-02-28T16:25:41,,"2763400","2.00162354083","2.00162353976",".09450928201"
SkorowidzOrtofomapy2024.1322875,,,,,,,,,,,,,N-34-50-C-d-3-2,2024,0.05,RGB,Zdj. cyfrowe,PL-1992,1:5000,GK-FOTO.6201.26.2024,,SkorowidzOrtofomapy2024.1322875.akt_data,,,,,,,,,,,,,,,,2024-10-01,TAK,https://opendata.geoportal.gov.pl/ortofotomapa/81010/81010_1322875_N-34-50-C-d-3-2.tif,,SkorowidzOrtofomapy2024.1322875.dt_pzgik,,,,,,,,,,,,,,,,2024-12-19,950,226101_1,JEW,Gdańsk - gmina miejska,"68295",,,,NZN,NZN,PL.PZGIK.200,2b194616-cbeb-49dc-b933-8e4c4d930183,EGIB,226101_1,,,"0",,"13136",2025-02-28T16:25:41,,2012-02-25T00:00:00,,2025-02-28T16:25:41,,"2763400","2.00162354083","2.00162353976",".09450928201"
SkorowidzOrtofomapy2024.1322907,,,,,,,,,,,,,N-34-62-A-b-1-3,2024,0.05,RGB,Zdj. cyfrowe,PL-1992,1:5000,GK-FOTO.6201.26.2024,,SkorowidzOrtofomapy2024.1322907.akt_data,,,,,,,,,,,,,,,,2024-10-01,TAK,https://opendata.geoportal.gov.pl/ortofotomapa/81010/81010_1322907_N-34-62-A-b-1-3.tif,,SkorowidzOrtofomapy2024.1322907.dt_pzgik,,,,,,,,,,,,,,,,2024-12-19,1186,226101_1,JEW,Gdańsk - gmina miejska,"68295",,,,NZN,NZN,PL.PZGIK.200,2b194616-cbeb-49dc-b933-8e4c4d930183,EGIB,226101_1,,,"0",,"13136",2025-02-28T16:25:41,,2012-02-25T00:00:00,,2025-02-28T16:25:41,,"2763400","2.00162354083","2.00162353976",".09450928201"
SkorowidzOrtofomapy2024.1322872,,,,,,,,,,,,,N-34-50-C-d-2-3,2024,0.05,RGB,Zdj. cyfrowe,PL-1992,1:5000,GK-FOTO.6201.26.2024,,SkorowidzOrtofomapy2024.1322872.akt_data,,,,,,,,,,,,,,,,2024-10-01,TAK,https://opendata.geoportal.gov.pl/ortofotomapa/81010/81010_1322872_N-34-50-C-d-2-3.tif,,SkorowidzOrtofomapy2024.1322872.dt_pzgik,,,,,,,,,,,,,,,,2024-12-19,862,226101_1,JEW,Gdańsk - gmina miejska,"68295",,,,NZN,NZN,PL.PZGIK.200,2b194616-cbeb-49dc-b933-8e4c4d930183,EGIB,226101_1,,,"0",,"13136",2025-02-28T16:25:41,,2012-02-25T00:00:00,,2025-02-28T16:25:41,,"2763400","2.00162354083","2.00162353976",".09450928201"
SkorowidzOrtofomapy2024.1322874,,,,,,,,,,,,,N-34-50-C-d-3-1,2024,0.05,RGB,Zdj. cyfrowe,PL-1992,1:5000,GK-FOTO.6201.26.2024,,SkorowidzOrtofomapy2024.1322874.akt_data,,,,,,,,,,,,,,,,2024-10-01,TAK,https://opendata.geoportal.gov.pl/ortofotomapa/81010/81010_1322874_N-34-50-C-d-3-1.tif,,SkorowidzOrtofomapy2024.1322874.dt_pzgik,,,,,,,,,,,,,,,,2024-12-19,947,226101_1,JEW,Gdańsk - gmina miejska,"68295",,,,NZN,NZN,PL.PZGIK.200,2b194616-cbeb-49dc-b933-8e4c4d930183,EGIB,226101_1,,,"0",,"13136",2025-02-28T16:25:41,,2012-02-25T00:00:00,,2025-02-28T16:25:41,,"2763400","2.00162354083","2.00162353976",".09450928201"
SkorowidzOrtofomapy2024.1322877,,,,,,,,,,,,,N-34-50-C-d-3-4,2024,0.05,RGB,Zdj. cyfrowe,PL-1992,1:5000,GK-FOTO.6201.26.2024,,SkorowidzOrtofomapy2024.1322877.akt_data,,,,,,,,,,,,,,,,2024-10-01,TAK,https://opendata.geoportal.gov.pl/ortofotomapa/81010/81010_1322877_N-34-50-C-d-3-4.tif,,SkorowidzOrtofomapy2024.1322877.dt_pzgik,,,,,,,,,,,,,,,,2024-12-19,1037,226101_1,JEW,Gdańsk - gmina miejska,"68295",,,,NZN,NZN,PL.PZGIK.200,2b194616-cbeb-49dc-b933-8e4c4d930183,EGIB,226101_1,,,"0",,"13136",2025-02-28T16:25:41,,2012-02-25T00:00:00,,2025-02-28T16:25:41,,"2763400","2.00162354083","2.00162353976",".09450928201"
SkorowidzOrtofomapy2024.1322865,,,,,,,,,,,,,N-34-50-C-c-4-4,2024,0.05,RGB,Zdj. cyfrowe,PL-1992,1:5000,GK-FOTO.6201.26.2024,,SkorowidzOrtofomapy2024.1322865.akt_data,,,,,,,,,,,,,,,,2024-10-01,TAK,https://opendata.geoportal.gov.pl/ortofotomapa/81010/81010_1322865_N-34-50-C-c-4-4.tif,,SkorowidzOrtofomapy2024.1322865.dt_pzgik,,,,,,,,,,,,,,,,2024-12-19,1032,226101_1,JEW,Gdańsk - gmina miejska,"68295",,,,NZN,NZN,PL.PZGIK.200,2b194616-cbeb-49dc-b933-8e4c4d930183,EGIB,226101_1,,,"0",,"13136",2025-02-28T16:25:41,,2012-02-25T00:00:00,,2025-02-28T16:25:41,,"2763400","2.00162354083","2.00162353976",".09450928201"
SkorowidzOrtofomapy2024.1322868,,,,,,,,,,,,,N-34-50-C-d-1-3,2024,0.05,RGB,Zdj. cyfrowe,PL-1992,1:5000,GK-FOTO.6201.26.2024,,SkorowidzOrtofomapy2024.1322868.akt_data,,,,,,,,,,,,,,,,2024-10-01,TAK,https://opendata.geoportal.gov.pl/ortofotomapa/81010/81010_1322868_N-34-50-C-d-1-3.tif,,SkorowidzOrtofomapy2024.1322868.dt_pzgik,,,,,,,,,,,,,,,,2024-12-19,965,226101_1,JEW,Gdańsk - gmina miejska,"68295",,,,NZN,NZN,PL.PZGIK.200,2b194616-cbeb-49dc-b933-8e4c4d930183,EGIB,226101_1,,,"0",,"13136",2025-02-28T16:25:41,,2012-02-25T00:00:00,,2025-02-28T16:25:41,,"2763400","2.00162354083","2.00162353976",".09450928201"
SkorowidzOrtofomapy2024.1322849,,,,,,,,,,,,,N-34-50-C-b-3-4,2024,0.05,RGB,Zdj. cyfrowe,PL-1992,1:5000,GK-FOTO.6201.26.2024,,SkorowidzOrtofomapy2024.1322849.akt_data,,,,,,,,,,,,,,,,2024-10-01,TAK,https://opendata.geoportal.gov.pl/ortofotomapa/81010/81010_1322849_N-34-50-C-b-3-4.tif,,SkorowidzOrtofomapy2024.1322849.dt_pzgik,,,,,,,,,,,,,,,,2024-12-19,46,226101_1,JEW,Gdańsk - gmina miejska,"68295",,,,NZN,NZN,PL.PZGIK.200,2b194616-cbeb-49dc-b933-8e4c4d930183,EGIB,226101_1,,,"0",,"13136",2025-02-28T16:25:41,,2012-02-25T00:00:00,,2025-02-28T16:25:41,,"2763400","2.00162354083","2.00162353976",".09450928201"
SkorowidzOrtofomapy2024.1322902,,,,,,,,,,,,,N-34-62-A-a-2-4,2024,0.05,RGB,Zdj. cyfrowe,PL-1992,1:5000,GK-FOTO.6201.26.2024,,SkorowidzOrtofomapy2024.1322902.akt_data,,,,,,,,,,,,,,,,2024-10-01,TAK,https://opendata.geoportal.gov.pl/ortofotomapa/81010/81010_1322902_N-34-62-A-a-2-4.tif,,SkorowidzOrtofomapy2024.1322902.dt_pzgik,,,,,,,,,,,,,,,,2024-12-19,1172,226101_1,JEW,Gdańsk - gmina miejska,"68295",,,,NZN,NZN,PL.PZGIK.200,2b194616-cbeb-49dc-b933-8e4c4d930183,EGIB,226101_1,,,"0",,"13136",2025-02-28T16:25:41,,2012-02-25T00:00:00,,2025-02-28T16:25:41,,"2763400","2.00162354083","2.00162353976",".09450928201"
SkorowidzOrtofomapy2024.1322911,,,,,,,,,,,,,N-34-62-A-b-2-3,2024,0.05,RGB,Zdj. cyfrowe,PL-1992,1:5000,GK-FOTO.6201.26.2024,,SkorowidzOrtofomapy2024.1322911.akt_data,,,,,,,,,,,,,,,,2024-10-01,TAK,https://opendata.geoportal.gov.pl/ortofotomapa/81010/81010_1322911_N-34-62-A-b-2-3.tif,,SkorowidzOrtofomapy2024.1322911.dt_pzgik,,,,,,,,,,,,,,,,2024-12-19,1193,226101_1,JEW,Gdańsk - gmina miejska,"68295",,,,NZN,NZN,PL.PZGIK.200,2b194616-cbeb-49dc-b933-8e4c4d930183,EGIB,226101_1,,,"0",,"13136",2025-02-28T16:25:41,,2012-02-25T00:00:00,,2025-02-28T16:25:41,,"2763400","2.00162354083","2.00162353976",".09450928201"
SkorowidzOrtofomapy2024.1322866,,,,,,,,,,,,,N-34-50-C-d-1-1,2024,0.05,RGB,Zdj. cyfrowe,PL-1992,1:5000,GK-FOTO.6201.26.2024,,SkorowidzOrtofomapy2024.1322866.akt_data,,,,,,,,,,,,,,,,2024-10-01,TAK,https://opendata.geoportal.gov.pl/ortofotomapa/81010/81010_1322866_N-34-50-C-d-1-1.tif,,SkorowidzOrtofomapy2024.1322866.dt_pzgik,,,,,,,,,,,,,,,,2024-12-19,751,226101_1,JEW,Gdańsk - gmina miejska,"68295",,,,NZN,NZN,PL.PZGIK.200,2b194616-cbeb-49dc-b933-8e4c4d930183,EGIB,226101_1,,,"0",,"13136",2025-02-28T16:25:41,,2012-02-25T00:00:00,,2025-02-28T16:25:41,,"2763400","2.00162354083","2.00162353976",".09450928201"
SkorowidzOrtofomapy2024.1322870,,,,,,,,,,,,,N-34-50-C-d-2-1,2024,0.05,RGB,Zdj. cyfrowe,PL-1992,1:5000,GK-FOTO.6201.26.2024,,SkorowidzOrtofomapy2024.1322870.akt_data,,,,,,,,,,,,,,,,2024-10-01,TAK,https://opendata.geoportal.gov.pl/ortofotomapa/81010/81010_1322870_N-34-50-C-d-2-1.tif,,SkorowidzOrtofomapy2024.1322870.dt_pzgik,,,,,,,,,,,,,,,,2024-12-19,323,226101_1,JEW,Gdańsk - gmina miejska,"68295",,,,NZN,NZN,PL.PZGIK.200,2b194616-cbeb-49dc-b933-8e4c4d930183,EGIB,226101_1,,,"0",,"13136",2025-02-28T16:25:41,,2012-02-25T00:00:00,,2025-02-28T16:25:41,,"2763400","2.00162354083","2.00162353976",".09450928201"
SkorowidzOrtofomapy2024.1322931,,,,,,,,,,,,,N-34-50-C-a-1-4,2024,0.05,RGB,Zdj. cyfrowe,PL-1992,1:5000,GK-FOTO.6201.26.2024,,SkorowidzOrtofomapy2024.1322931.akt_data,,,,,,,,,,,,,,,,2024-09-23,TAK,https://opendata.geoportal.gov.pl/ortofotomapa/81010/81010_1322931_N-34-50-C-a-1-4.tif,,SkorowidzOrtofomapy2024.1322931.dt_pzgik,,,,,,,,,,,,,,,,2024-12-19,1088,226401_1,JEW,Sopot - gmina miejska,"2776",,,,NZN,NZN,PL.PZGIK.200,f85c9c4d-4af9-4657-a741-911f29357430,EGIB,226401_1,,,"0",,"13136",2025-02-28T16:25:41,,2012-01-16T00:00:00,,2025-02-28T16:25:41,,"2763853",".31248057263",".3124805755",".00384339865"
SkorowidzOrtofomapy2024.1322933,,,,,,,,,,,,,N-34-50-C-a-3-1,2024,0.05,RGB,Zdj. cyfrowe,PL-1992,1:5000,GK-FOTO.6201.26.2024,,SkorowidzOrtofomapy2024.1322933.akt_data,,,,,,,,,,,,,,,,2024-09-23,TAK,https://opendata.geoportal.gov.pl/ortofotomapa/81010/81010_1322933_N-34-50-C-a-3-1.tif,,SkorowidzOrtofomapy2024.1322933.dt_pzgik,,,,,,,,,,,,,,,,2024-12-19,1222,226401_1,JEW,Sopot - gmina miejska,"2776",,,,NZN,NZN,PL.PZGIK.200,f85c9c4d-4af9-4657-a741-911f29357430,EGIB,226401_1,,,"0",,"13136",2025-02-28T16:25:41,,2012-01-16T00:00:00,,2025-02-28T16:25:41,,"2763853",".31248057263",".3124805755",".00384339865"
SkorowidzOrtofomapy2024.1322938,,,,,,,,,,,,,N-34-50-C-a-4-3,2024,0.05,RGB,Zdj. cyfrowe,PL-1992,1:5000,GK-FOTO.6201.26.2024,,SkorowidzOrtofomapy2024.1322938.akt_data,,,,,,,,,,,,,,,,2024-09-23,TAK,https://opendata.geoportal.gov.pl/ortofotomapa/81010/81010_1322938_N-34-50-C-a-4-3.tif,,SkorowidzOrtofomapy2024.1322938.dt_pzgik,,,,,,,,,,,,,,,,2024-12-19,902,226401_1,JEW,Sopot - gmina miejska,"2776",,,,NZN,NZN,PL.PZGIK.200,f85c9c4d-4af9-4657-a741-911f29357430,EGIB,226401_1,,,"0",,"13136",2025-02-28T16:25:41,,2012-01-16T00:00:00,,2025-02-28T16:25:41,,"2763853",".31248057263",".3124805755",".00384339865"
SkorowidzOrtofomapy2024.1322934,,,,,,,,,,,,,N-34-50-C-a-3-2,2024,0.05,RGB,Zdj. cyfrowe,PL-1992,1:5000,GK-FOTO.6201.26.2024,,SkorowidzOrtofomapy2024.1322934.akt_data,,,,,,,,,,,,,,,,2024-09-23,TAK,https://opendata.geoportal.gov.pl/ortofotomapa/81010/81010_1322934_N-34-50-C-a-3-2.tif,,SkorowidzOrtofomapy2024.1322934.dt_pzgik,,,,,,,,,,,,,,,,2024-12-19,1093,226401_1,JEW,Sopot - gmina miejska,"2776",,,,NZN,NZN,PL.PZGIK.200,f85c9c4d-4af9-4657-a741-911f29357430,EGIB,226401_1,,,"0",,"13136",2025-02-28T16:25:41,,2012-01-16T00:00:00,,2025-02-28T16:25:41,,"2763853",".31248057263",".3124805755",".00384339865"
SkorowidzOrtofomapy2024.1322937,,,,,,,,,,,,,N-34-50-C-a-4-1,2024,0.05,RGB,Zdj. cyfrowe,PL-1992,1:5000,GK-FOTO.6201.26.2024,,SkorowidzOrtofomapy2024.1322937.akt_data,,,,,,,,,,,,,,,,2024-09-23,TAK,https://opendata.geoportal.gov.pl/ortofotomapa/81010/81010_1322937_N-34-50-C-a-4-1.tif,,SkorowidzOrtofomapy2024.1322937.dt_pzgik,,,,,,,,,,,,,,,,2024-12-19,365,226401_1,JEW,Sopot - gmina miejska,"2776",,,,NZN,NZN,PL.PZGIK.200,f85c9c4d-4af9-4657-a741-911f29357430,EGIB,226401_1,,,"0",,"13136",2025-02-28T16:25:41,,2012-01-16T00:00:00,,2025-02-28T16:25:41,,"2763853",".31248057263",".3124805755",".00384339865"
SkorowidzOrtofomapy2024.1322935,,,,,,,,,,,,,N-34-50-C-a-3-3,2024,0.05,RGB,Zdj. cyfrowe,PL-1992,1:5000,GK-FOTO.6201.26.2024,,SkorowidzOrtofomapy2024.1322935.akt_data,,,,,,,,,,,,,,,,2024-09-23,TAK,https://opendata.geoportal.gov.pl/ortofotomapa/81010/81010_1322935_N-34-50-C-a-3-3.tif,,SkorowidzOrtofomapy2024.1322935.dt_pzgik,,,,,,,,,,,,,,,,2024-12-19,1148,226401_1,JEW,Sopot - gmina miejska,"2776",,,,NZN,NZN,PL.PZGIK.200,f85c9c4d-4af9-4657-a741-911f29357430,EGIB,226401_1,,,"0",,"13136",2025-02-28T16:25:41,,2012-01-16T00:00:00,,2025-02-28T16:25:41,,"2763853",".31248057263",".3124805755",".00384339865"
SkorowidzOrtofomapy2024.1322932,,,,,,,,,,,,,N-34-50-C-a-2-3,2024,0.05,RGB,Zdj. cyfrowe,PL-1992,1:5000,GK-FOTO.6201.26.2024,,SkorowidzOrtofomapy2024.1322932.akt_data,,,,,,,,,,,,,,,,2024-09-23,TAK,https://opendata.geoportal.gov.pl/ortofotomapa/81010/81010_1322932_N-34-50-C-a-2-3.tif,,SkorowidzOrtofomapy2024.1322932.dt_pzgik,,,,,,,,,,,,,,,,2024-12-19,94,226401_1,JEW,Sopot - gmina miejska,"2776",,,,NZN,NZN,PL.PZGIK.200,f85c9c4d-4af9-4657-a741-911f29357430,EGIB,226401_1,,,"0",,"13136",2025-02-28T16:25:41,,2012-01-16T00:00:00,,2025-02-28T16:25:41,,"2763853",".31248057263",".3124805755",".00384339865"
SkorowidzOrtofomapy2024.1322936,,,,,,,,,,,,,N-34-50-C-a-3-4,2024,0.05,RGB,Zdj. cyfrowe,PL-1992,1:5000,GK-FOTO.6201.26.2024,,SkorowidzOrtofomapy2024.1322936.akt_data,,,,,,,,,,,,,,,,2024-09-23,TAK,https://opendata.geoportal.gov.pl/ortofotomapa/81010/81010_1322936_N-34-50-C-a-3-4.tif,,SkorowidzOrtofomapy2024.1322936.dt_pzgik,,,,,,,,,,,,,,,,2024-12-19,1113,226401_1,JEW,Sopot - gmina miejska,"2776",,,,NZN,NZN,PL.PZGIK.200,f85c9c4d-4af9-4657-a741-911f29357430,EGIB,226401_1,,,"0",,"13136",2025-02-28T16:25:41,,2012-01-16T00:00:00,,2025-02-28T16:25:41,,"2763853",".31248057263",".3124805755",".00384339865"
SkorowidzOrtofomapy2024.1322939,,,,,,,,,,,,,N-34-50-C-a-4-4,2024,0.05,RGB,Zdj. cyfrowe,PL-1992,1:5000,GK-FOTO.6201.26.2024,,SkorowidzOrtofomapy2024.1322939.akt_data,,,,,,,,,,,,,,,,2024-10-01,TAK,https://opendata.geoportal.gov.pl/ortofotomapa/81010/81010_1322939_N-34-50-C-a-4-4.tif,,SkorowidzOrtofomapy2024.1322939.dt_pzgik,,,,,,,,,,,,,,,,2024-12-19,299,226401_1,JEW,Sopot - gmina miejska,"2776",,,,NZN,NZN,PL.PZGIK.200,f85c9c4d-4af9-4657-a741-911f29357430,EGIB,226401_1,,,"0",,"13136",2025-02-28T16:25:41,,2012-01-16T00:00:00,,2025-02-28T16:25:41,,"2763853",".31248057263",".3124805755",".00384339865"
SkorowidzOrtofomapy2024.1322801,,,,,,,,,,,,,N-34-49-B-d-2-3,2024,0.05,RGB,Zdj. cyfrowe,PL-1992,1:5000,GK-FOTO.6201.26.2024,,SkorowidzOrtofomapy2024.1322801.akt_data,,,,,,,,,,,,,,,,2024-09-08,TAK,https://opendata.geoportal.gov.pl/ortofotomapa/81010/81010_1322801_N-34-49-B-d-2-3.tif,,SkorowidzOrtofomapy2024.1322801.dt_pzgik,,,,,,,,,,,,,,,,2024-12-19,998,226201_1,JEW,Gdynia - gmina miejska,"39151",,,,NZN,NZN,PL.PZGIK.200,fd9d8f8a-63d8-4448-9d35-b05265e0f335,EGIB,226201_1,,,"0",,"13136",2025-02-28T16:25:41,,2012-01-12T00:00:00,,2025-02-28T16:25:41,,"2763406","1.47016084487","1.47016083956",".05432511825"
SkorowidzOrtofomapy2024.1322797,,,,,,,,,,,,,N-34-49-B-d-1-3,2024,0.05,RGB,Zdj. cyfrowe,PL-1992,1:5000,GK-FOTO.6201.26.2024,,SkorowidzOrtofomapy2024.1322797.akt_data,,,,,,,,,,,,,,,,2024-09-08,TAK,https://opendata.geoportal.gov.pl/ortofotomapa/81010/81010_1322797_N-34-49-B-d-1-3.tif,,SkorowidzOrtofomapy2024.1322797.dt_pzgik,,,,,,,,,,,,,,,,2024-12-19,1043,226201_1,JEW,Gdynia - gmina miejska,"39151",,,,NZN,NZN,PL.PZGIK.200,fd9d8f8a-63d8-4448-9d35-b05265e0f335,EGIB,226201_1,,,"0",,"13136",2025-02-28T16:25:41,,2012-01-12T00:00:00,,2025-02-28T16:25:41,,"2763406","1.47016084487","1.47016083956",".05432511825"
SkorowidzOrtofomapy2024.1322818,,,,,,,,,,,,,N-34-49-D-b-2-3,2024,0.05,RGB,Zdj. cyfrowe,PL-1992,1:5000,GK-FOTO.6201.26.2024,,SkorowidzOrtofomapy2024.1322818.akt_data,,,,,,,,,,,,,,,,2024-09-08,TAK,https://opendata.geoportal.gov.pl/ortofotomapa/81010/81010_1322818_N-34-49-D-b-2-3.tif,,SkorowidzOrtofomapy2024.1322818.dt_pzgik,,,,,,,,,,,,,,,,2024-12-19,1034,226201_1,JEW,Gdynia - gmina miejska,"39151",,,,NZN,NZN,PL.PZGIK.200,fd9d8f8a-63d8-4448-9d35-b05265e0f335,EGIB,226201_1,,,"0",,"13136",2025-02-28T16:25:41,,2012-01-12T00:00:00,,2025-02-28T16:25:41,,"2763406","1.47016084487","1.47016083956",".05432511825"
SkorowidzOrtofomapy2024.1322815,,,,,,,,,,,,,N-34-49-D-b-1-4,2024,0.05,RGB,Zdj. cyfrowe,PL-1992,1:5000,GK-FOTO.6201.26.2024,,SkorowidzOrtofomapy2024.1322815.akt_data,,,,,,,,,,,,,,,,2024-09-08,TAK,https://opendata.geoportal.gov.pl/ortofotomapa/81010/81010_1322815_N-34-49-D-b-1-4.tif,,SkorowidzOrtofomapy2024.1322815.dt_pzgik,,,,,,,,,,,,,,,,2024-12-19,1044,226201_1,JEW,Gdynia - gmina miejska,"39151",,,,NZN,NZN,PL.PZGIK.200,fd9d8f8a-63d8-4448-9d35-b05265e0f335,EGIB,226201_1,,,"0",,"13136",2025-02-28T16:25:41,,2012-01-12T00:00:00,,2025-02-28T16:25:41,,"2763406","1.47016084487","1.47016083956",".05432511825"
SkorowidzOrtofomapy2024.1322803,,,,,,,,,,,,,N-34-49-B-d-3-1,2024,0.05,RGB,Zdj. cyfrowe,PL-1992,1:5000,GK-FOTO.6201.26.2024,,SkorowidzOrtofomapy2024.1322803.akt_data,,,,,,,,,,,,,,,,2024-09-08,TAK,https://opendata.geoportal.gov.pl/ortofotomapa/81010/81010_1322803_N-34-49-B-d-3-1.tif,,SkorowidzOrtofomapy2024.1322803.dt_pzgik,,,,,,,,,,,,,,,,2024-12-19,1106,226201_1,JEW,Gdynia - gmina miejska,"39151",,,,NZN,NZN,PL.PZGIK.200,fd9d8f8a-63d8-4448-9d35-b05265e0f335,EGIB,226201_1,,,"0",,"13136",2025-02-28T16:25:41,,2012-01-12T00:00:00,,2025-02-28T16:25:41,,"2763406","1.47016084487","1.47016083956",".05432511825"
SkorowidzOrtofomapy2024.1322812,,,,,,,,,,,,,N-34-49-D-b-1-1,2024,0.05,RGB,Zdj. cyfrowe,PL-1992,1:5000,GK-FOTO.6201.26.2024,,SkorowidzOrtofomapy2024.1322812.akt_data,,,,,,,,,,,,,,,,2024-09-08,TAK,https://opendata.geoportal.gov.pl/ortofotomapa/81010/81010_1322812_N-34-49-D-b-1-1.tif,,SkorowidzOrtofomapy2024.1322812.dt_pzgik,,,,,,,,,,,,,,,,2024-12-19,1123,226201_1,JEW,Gdynia - gmina miejska,"39151",,,,NZN,NZN,PL.PZGIK.200,fd9d8f8a-63d8-4448-9d35-b05265e0f335,EGIB,226201_1,,,"0",,"13136",2025-02-28T16:25:41,,2012-01-12T00:00:00,,2025-02-28T16:25:41,,"2763406","1.47016084487","1.47016083956",".05432511825"
SkorowidzOrtofomapy2024.1322806,,,,,,,,,,,,,N-34-49-B-d-3-4,2024,0.05,RGB,Zdj. cyfrowe,PL-1992,1:5000,GK-FOTO.6201.26.2024,,SkorowidzOrtofomapy2024.1322806.akt_data,,,,,,,,,,,,,,,,2024-09-08,TAK,https://opendata.geoportal.gov.pl/ortofotomapa/81010/81010_1322806_N-34-49-B-d-3-4.tif,,SkorowidzOrtofomapy2024.1322806.dt_pzgik,,,,,,,,,,,,,,,,2024-12-19,856,226201_1,JEW,Gdynia - gmina miejska,"39151",,,,NZN,NZN,PL.PZGIK.200,fd9d8f8a-63d8-4448-9d35-b05265e0f335,EGIB,226201_1,,,"0",,"13136",2025-02-28T16:25:41,,2012-01-12T00:00:00,,2025-02-28T16:25:41,,"2763406","1.47016084487","1.47016083956",".05432511825"
SkorowidzOrtofomapy2024.1322823,,,,,,,,,,,,,N-34-49-D-b-4-3,2024,0.05,RGB,Zdj. cyfrowe,PL-1992,1:5000,GK-FOTO.6201.26.2024,,SkorowidzOrtofomapy2024.1322823.akt_data,,,,,,,,,,,,,,,,2024-09-08,TAK,https://opendata.geoportal.gov.pl/ortofotomapa/81010/81010_1322823_N-34-49-D-b-4-3.tif,,SkorowidzOrtofomapy2024.1322823.dt_pzgik,,,,,,,,,,,,,,,,2024-12-19,1039,226201_1,JEW,Gdynia - gmina miejska,"39151",,,,NZN,NZN,PL.PZGIK.200,fd9d8f8a-63d8-4448-9d35-b05265e0f335,EGIB,226201_1,,,"0",,"13136",2025-02-28T16:25:41,,2012-01-12T00:00:00,,2025-02-28T16:25:41,,"2763406","1.47016084487","1.47016083956",".05432511825"
SkorowidzOrtofomapy2024.1322821,,,,,,,,,,,,,N-34-49-D-b-4-1,2024,0.05,RGB,Zdj. cyfrowe,PL-1992,1:5000,GK-FOTO.6201.26.2024,,SkorowidzOrtofomapy2024.1322821.akt_data,,,,,,,,,,,,,,,,2024-09-08,TAK,https://opendata.geoportal.gov.pl/ortofotomapa/81010/81010_1322821_N-34-49-D-b-4-1.tif,,SkorowidzOrtofomapy2024.1322821.dt_pzgik,,,,,,,,,,,,,,,,2024-12-19,1063,226201_1,JEW,Gdynia - gmina miejska,"39151",,,,NZN,NZN,PL.PZGIK.200,fd9d8f8a-63d8-4448-9d35-b05265e0f335,EGIB,226201_1,,,"0",,"13136",2025-02-28T16:25:41,,2012-01-12T00:00:00,,2025-02-28T16:25:41,,"2763406","1.47016084487","1.47016083956",".05432511825"
SkorowidzOrtofomapy2024.1322811,,,,,,,,,,,,,N-34-49-D-a-2-2,2024,0.05,RGB,Zdj. cyfrowe,PL-1992,1:5000,GK-FOTO.6201.26.2024,,SkorowidzOrtofomapy2024.1322811.akt_data,,,,,,,,,,,,,,,,2024-09-08,TAK,https://opendata.geoportal.gov.pl/ortofotomapa/81010/81010_1322811_N-34-49-D-a-2-2.tif,,SkorowidzOrtofomapy2024.1322811.dt_pzgik,,,,,,,,,,,,,,,,2024-12-19,1090,226201_1,JEW,Gdynia - gmina miejska,"39151",,,,NZN,NZN,PL.PZGIK.200,fd9d8f8a-63d8-4448-9d35-b05265e0f335,EGIB,226201_1,,,"0",,"13136",2025-02-28T16:25:41,,2012-01-12T00:00:00,,2025-02-28T16:25:41,,"2763406","1.47016084487","1.47016083956",".05432511825"
SkorowidzOrtofomapy2024.1322816,,,,,,,,,,,,,N-34-49-D-b-2-1,2024,0.05,RGB,Zdj. cyfrowe,PL-1992,1:5000,GK-FOTO.6201.26.2024,,SkorowidzOrtofomapy2024.1322816.akt_data,,,,,,,,,,,,,,,,2024-09-08,TAK,https://opendata.geoportal.gov.pl/ortofotomapa/81010/81010_1322816_N-34-49-D-b-2-1.tif,,SkorowidzOrtofomapy2024.1322816.dt_pzgik,,,,,,,,,,,,,,,,2024-12-19,1034,226201_1,JEW,Gdynia - gmina miejska,"39151",,,,NZN,NZN,PL.PZGIK.200,fd9d8f8a-63d8-4448-9d35-b05265e0f335,EGIB,226201_1,,,"0",,"13136",2025-02-28T16:25:41,,2012-01-12T00:00:00,,2025-02-28T16:25:41,,"2763406","1.47016084487","1.47016083956",".05432511825"
SkorowidzOrtofomapy2024.1322804,,,,,,,,,,,,,N-34-49-B-d-3-2,2024,0.05,RGB,Zdj. cyfrowe,PL-1992,1:5000,GK-FOTO.6201.26.2024,,SkorowidzOrtofomapy2024.1322804.akt_data,,,,,,,,,,,,,,,,2024-09-08,TAK,https://opendata.geoportal.gov.pl/ortofotomapa/81010/81010_1322804_N-34-49-B-d-3-2.tif,,SkorowidzOrtofomapy2024.1322804.dt_pzgik,,,,,,,,,,,,,,,,2024-12-19,986,226201_1,JEW,Gdynia - gmina miejska,"39151",,,,NZN,NZN,PL.PZGIK.200,fd9d8f8a-63d8-4448-9d35-b05265e0f335,EGIB,226201_1,,,"0",,"13136",2025-02-28T16:25:41,,2012-01-12T00:00:00,,2025-02-28T16:25:41,,"2763406","1.47016084487","1.47016083956",".05432511825"
SkorowidzOrtofomapy2024.1322794,,,,,,,,,,,,,N-34-49-B-c-4-4,2024,0.05,RGB,Zdj. cyfrowe,PL-1992,1:5000,GK-FOTO.6201.26.2024,,SkorowidzOrtofomapy2024.1322794.akt_data,,,,,,,,,,,,,,,,2024-09-08,TAK,https://opendata.geoportal.gov.pl/ortofotomapa/81010/81010_1322794_N-34-49-B-c-4-4.tif,,SkorowidzOrtofomapy2024.1322794.dt_pzgik,,,,,,,,,,,,,,,,2024-12-19,1107,226201_1,JEW,Gdynia - gmina miejska,"39151",,,,NZN,NZN,PL.PZGIK.200,fd9d8f8a-63d8-4448-9d35-b05265e0f335,EGIB,226201_1,,,"0",,"13136",2025-02-28T16:25:41,,2012-01-12T00:00:00,,2025-02-28T16:25:41,,"2763406","1.47016084487","1.47016083956",".05432511825"
SkorowidzOrtofomapy2024.1322799,,,,,,,,,,,,,N-34-49-B-d-2-1,2024,0.05,RGB,Zdj. cyfrowe,PL-1992,1:5000,GK-FOTO.6201.26.2024,,SkorowidzOrtofomapy2024.1322799.akt_data,,,,,,,,,,,,,,,,2024-09-08,TAK,https://opendata.geoportal.gov.pl/ortofotomapa/81010/81010_1322799_N-34-49-B-d-2-1.tif,,SkorowidzOrtofomapy2024.1322799.dt_pzgik,,,,,,,,,,,,,,,,2024-12-19,1044,226201_1,JEW,Gdynia - gmina miejska,"39151",,,,NZN,NZN,PL.PZGIK.200,fd9d8f8a-63d8-4448-9d35-b05265e0f335,EGIB,226201_1,,,"0",,"13136",2025-02-28T16:25:41,,2012-01-12T00:00:00,,2025-02-28T16:25:41,,"2763406","1.47016084487","1.47016083956",".05432511825"
SkorowidzOrtofomapy2024.1322796,,,,,,,,,,,,,N-34-49-B-d-1-2,2024,0.05,RGB,Zdj. cyfrowe,PL-1992,1:5000,GK-FOTO.6201.26.2024,,SkorowidzOrtofomapy2024.1322796.akt_data,,,,,,,,,,,,,,,,2024-09-08,TAK,https://opendata.geoportal.gov.pl/ortofotomapa/81010/81010_1322796_N-34-49-B-d-1-2.tif,,SkorowidzOrtofomapy2024.1322796.dt_pzgik,,,,,,,,,,,,,,,,2024-12-19,1007,226201_1,JEW,Gdynia - gmina miejska,"39151",,,,NZN,NZN,PL.PZGIK.200,fd9d8f8a-63d8-4448-9d35-b05265e0f335,EGIB,226201_1,,,"0",,"13136",2025-02-28T16:25:41,,2012-01-12T00:00:00,,2025-02-28T16:25:41,,"2763406","1.47016084487","1.47016083956",".05432511825"
SkorowidzOrtofomapy2024.1322798,,,,,,,,,,,,,N-34-49-B-d-1-4,2024,0.05,RGB,Zdj. cyfrowe,PL-1992,1:5000,GK-FOTO.6201.26.2024,,SkorowidzOrtofomapy2024.1322798.akt_data,,,,,,,,,,,,,,,,2024-09-08,TAK,https://opendata.geoportal.gov.pl/ortofotomapa/81010/81010_1322798_N-34-49-B-d-1-4.tif,,SkorowidzOrtofomapy2024.1322798.dt_pzgik,,,,,,,,,,,,,,,,2024-12-19,968,226201_1,JEW,Gdynia - gmina miejska,"39151",,,,NZN,NZN,PL.PZGIK.200,fd9d8f8a-63d8-4448-9d35-b05265e0f335,EGIB,226201_1,,,"0",,"13136",2025-02-28T16:25:41,,2012-01-12T00:00:00,,2025-02-28T16:25:41,,"2763406","1.47016084487","1.47016083956",".05432511825"
SkorowidzOrtofomapy2024.1322813,,,,,,,,,,,,,N-34-49-D-b-1-2,2024,0.05,RGB,Zdj. cyfrowe,PL-1992,1:5000,GK-FOTO.6201.26.2024,,SkorowidzOrtofomapy2024.1322813.akt_data,,,,,,,,,,,,,,,,2024-09-08,TAK,https://opendata.geoportal.gov.pl/ortofotomapa/81010/81010_1322813_N-34-49-D-b-1-2.tif,,SkorowidzOrtofomapy2024.1322813.dt_pzgik,,,,,,,,,,,,,,,,2024-12-19,1075,226201_1,JEW,Gdynia - gmina miejska,"39151",,,,NZN,NZN,PL.PZGIK.200,fd9d8f8a-63d8-4448-9d35-b05265e0f335,EGIB,226201_1,,,"0",,"13136",2025-02-28T16:25:41,,2012-01-12T00:00:00,,2025-02-28T16:25:41,,"2763406","1.47016084487","1.47016083956",".05432511825"
SkorowidzOrtofomapy2024.1322807,,,,,,,,,,,,,N-34-49-B-d-4-1,2024,0.05,RGB,Zdj. cyfrowe,PL-1992,1:5000,GK-FOTO.6201.26.2024,,SkorowidzOrtofomapy2024.1322807.akt_data,,,,,,,,,,,,,,,,2024-09-08,TAK,https://opendata.geoportal.gov.pl/ortofotomapa/81010/81010_1322807_N-34-49-B-d-4-1.tif,,SkorowidzOrtofomapy2024.1322807.dt_pzgik,,,,,,,,,,,,,,,,2024-12-19,914,226201_1,JEW,Gdynia - gmina miejska,"39151",,,,NZN,NZN,PL.PZGIK.200,fd9d8f8a-63d8-4448-9d35-b05265e0f335,EGIB,226201_1,,,"0",,"13136",2025-02-28T16:25:41,,2012-01-12T00:00:00,,2025-02-28T16:25:41,,"2763406","1.47016084487","1.47016083956",".05432511825"
SkorowidzOrtofomapy2024.1322805,,,,,,,,,,,,,N-34-49-B-d-3-3,2024,0.05,RGB,Zdj. cyfrowe,PL-1992,1:5000,GK-FOTO.6201.26.2024,,SkorowidzOrtofomapy2024.1322805.akt_data,,,,,,,,,,,,,,,,2024-09-08,TAK,https://opendata.geoportal.gov.pl/ortofotomapa/81010/81010_1322805_N-34-49-B-d-3-3.tif,,SkorowidzOrtofomapy2024.1322805.dt_pzgik,,,,,,,,,,,,,,,,2024-12-19,1092,226201_1,JEW,Gdynia - gmina miejska,"39151",,,,NZN,NZN,PL.PZGIK.200,fd9d8f8a-63d8-4448-9d35-b05265e0f335,EGIB,226201_1,,,"0",,"13136",2025-02-28T16:25:41,,2012-01-12T00:00:00,,2025-02-28T16:25:41,,"2763406","1.47016084487","1.47016083956",".05432511825"
SkorowidzOrtofomapy2024.1322814,,,,,,,,,,,,,N-34-49-D-b-1-3,2024,0.05,RGB,Zdj. cyfrowe,PL-1992,1:5000,GK-FOTO.6201.26.2024,,SkorowidzOrtofomapy2024.1322814.akt_data,,,,,,,,,,,,,,,,2024-09-08,TAK,https://opendata.geoportal.gov.pl/ortofotomapa/81010/81010_1322814_N-34-49-D-b-1-3.tif,,SkorowidzOrtofomapy2024.1322814.dt_pzgik,,,,,,,,,,,,,,,,2024-12-19,1108,226201_1,JEW,Gdynia - gmina miejska,"39151",,,,NZN,NZN,PL.PZGIK.200,fd9d8f8a-63d8-4448-9d35-b05265e0f335,EGIB,226201_1,,,"0",,"13136",2025-02-28T16:25:41,,2012-01-12T00:00:00,,2025-02-28T16:25:41,,"2763406","1.47016084487","1.47016083956",".05432511825"
SkorowidzOrtofomapy2024.1322809,,,,,,,,,,,,,N-34-49-B-d-4-3,2024,0.05,RGB,Zdj. cyfrowe,PL-1992,1:5000,GK-FOTO.6201.26.2024,,SkorowidzOrtofomapy2024.1322809.akt_data,,,,,,,,,,,,,,,,2024-09-08,TAK,https://opendata.geoportal.gov.pl/ortofotomapa/81010/81010_1322809_N-34-49-B-d-4-3.tif,,SkorowidzOrtofomapy2024.1322809.dt_pzgik,,,,,,,,,,,,,,,,2024-12-19,705,226201_1,JEW,Gdynia - gmina miejska,"39151",,,,NZN,NZN,PL.PZGIK.200,fd9d8f8a-63d8-4448-9d35-b05265e0f335,EGIB,226201_1,,,"0",,"13136",2025-02-28T16:25:41,,2012-01-12T00:00:00,,2025-02-28T16:25:41,,"2763406","1.47016084487","1.47016083956",".05432511825"
SkorowidzOrtofomapy2024.1322817,,,,,,,,,,,,,N-34-49-D-b-2-2,2024,0.05,RGB,Zdj. cyfrowe,PL-1992,1:5000,GK-FOTO.6201.26.2024,,SkorowidzOrtofomapy2024.1322817.akt_data,,,,,,,,,,,,,,,,2024-09-23,TAK,https://opendata.geoportal.gov.pl/ortofotomapa/81010/81010_1322817_N-34-49-D-b-2-2.tif,,SkorowidzOrtofomapy2024.1322817.dt_pzgik,,,,,,,,,,,,,,,,2024-12-19,1142,226201_1,JEW,Gdynia - gmina miejska,"39151",,,,NZN,NZN,PL.PZGIK.200,fd9d8f8a-63d8-4448-9d35-b05265e0f335,EGIB,226201_1,,,"0",,"13136",2025-02-28T16:25:41,,2012-01-12T00:00:00,,2025-02-28T16:25:41,,"2763406","1.47016084487","1.47016083956",".05432511825"
SkorowidzOrtofomapy2024.1322841,,,,,,,,,,,,,N-34-50-A-c-3-1,2024,0.05,RGB,Zdj. cyfrowe,PL-1992,1:5000,GK-FOTO.6201.26.2024,,SkorowidzOrtofomapy2024.1322841.akt_data,,,,,,,,,,,,,,,,2024-09-23,TAK,https://opendata.geoportal.gov.pl/ortofotomapa/81010/81010_1322841_N-34-50-A-c-3-1.tif,,SkorowidzOrtofomapy2024.1322841.dt_pzgik,,,,,,,,,,,,,,,,2024-12-19,871,226201_1,JEW,Gdynia - gmina miejska,"39151",,,,NZN,NZN,PL.PZGIK.200,fd9d8f8a-63d8-4448-9d35-b05265e0f335,EGIB,226201_1,,,"0",,"13136",2025-02-28T16:25:41,,2012-01-12T00:00:00,,2025-02-28T16:25:41,,"2763406","1.47016084487","1.47016083956",".05432511825"
SkorowidzOrtofomapy2024.1322843,,,,,,,,,,,,,N-34-50-A-c-3-3,2024,0.05,RGB,Zdj. cyfrowe,PL-1992,1:5000,GK-FOTO.6201.26.2024,,SkorowidzOrtofomapy2024.1322843.akt_data,,,,,,,,,,,,,,,,2024-09-23,TAK,https://opendata.geoportal.gov.pl/ortofotomapa/81010/81010_1322843_N-34-50-A-c-3-3.tif,,SkorowidzOrtofomapy2024.1322843.dt_pzgik,,,,,,,,,,,,,,,,2024-12-19,1123,226201_1,JEW,Gdynia - gmina miejska,"39151",,,,NZN,NZN,PL.PZGIK.200,fd9d8f8a-63d8-4448-9d35-b05265e0f335,EGIB,226201_1,,,"0",,"13136",2025-02-28T16:25:41,,2012-01-12T00:00:00,,2025-02-28T16:25:41,,"2763406","1.47016084487","1.47016083956",".05432511825"
SkorowidzOrtofomapy2024.1322930,,,,,,,,,,,,,N-34-50-C-a-1-3,2024,0.05,RGB,Zdj. cyfrowe,PL-1992,1:5000,GK-FOTO.6201.26.2024,,SkorowidzOrtofomapy2024.1322930.akt_data,,,,,,,,,,,,,,,,2024-09-23,TAK,https://opendata.geoportal.gov.pl/ortofotomapa/81010/81010_1322930_N-34-50-C-a-1-3.tif,,SkorowidzOrtofomapy2024.1322930.dt_pzgik,,,,,,,,,,,,,,,,2024-12-19,1115,226201_1,JEW,Gdynia - gmina miejska,"39151",,,,NZN,NZN,PL.PZGIK.200,fd9d8f8a-63d8-4448-9d35-b05265e0f335,EGIB,226201_1,,,"0",,"13136",2025-02-28T16:25:41,,2012-01-12T00:00:00,,2025-02-28T16:25:41,,"2763406","1.47016084487","1.47016083956",".05432511825"
SkorowidzOrtofomapy2024.1322840,,,,,,,,,,,,,N-34-50-A-c-1-4,2024,0.05,RGB,Zdj. cyfrowe,PL-1992,1:5000,GK-FOTO.6201.26.2024,,SkorowidzOrtofomapy2024.1322840.akt_data,,,,,,,,,,,,,,,,2024-09-23,TAK,https://opendata.geoportal.gov.pl/ortofotomapa/81010/81010_1322840_N-34-50-A-c-1-4.tif,,SkorowidzOrtofomapy2024.1322840.dt_pzgik,,,,,,,,,,,,,,,,2024-12-19,815,226201_1,JEW,Gdynia - gmina miejska,"39151",,,,NZN,NZN,PL.PZGIK.200,fd9d8f8a-63d8-4448-9d35-b05265e0f335,EGIB,226201_1,,,"0",,"13136",2025-02-28T16:25:41,,2012-01-12T00:00:00,,2025-02-28T16:25:41,,"2763406","1.47016084487","1.47016083956",".05432511825"
SkorowidzOrtofomapy2024.1322810,,,,,,,,,,,,,N-34-49-B-d-4-4,2024,0.05,RGB,Zdj. cyfrowe,PL-1992,1:5000,GK-FOTO.6201.26.2024,,SkorowidzOrtofomapy2024.1322810.akt_data,,,,,,,,,,,,,,,,2024-09-23,TAK,https://opendata.geoportal.gov.pl/ortofotomapa/81010/81010_1322810_N-34-49-B-d-4-4.tif,,SkorowidzOrtofomapy2024.1322810.dt_pzgik,,,,,,,,,,,,,,,,2024-12-19,1156,226201_1,JEW,Gdynia - gmina miejska,"39151",,,,NZN,NZN,PL.PZGIK.200,fd9d8f8a-63d8-4448-9d35-b05265e0f335,EGIB,226201_1,,,"0",,"13136",2025-02-28T16:25:41,,2012-01-12T00:00:00,,2025-02-28T16:25:41,,"2763406","1.47016084487","1.47016083956",".05432511825"
SkorowidzOrtofomapy2024.1322800,,,,,,,,,,,,,N-34-49-B-d-2-2,2024,0.05,RGB,Zdj. cyfrowe,PL-1992,1:5000,GK-FOTO.6201.26.2024,,SkorowidzOrtofomapy2024.1322800.akt_data,,,,,,,,,,,,,,,,2024-09-23,TAK,https://opendata.geoportal.gov.pl/ortofotomapa/81010/81010_1322800_N-34-49-B-d-2-2.tif,,SkorowidzOrtofomapy2024.1322800.dt_pzgik,,,,,,,,,,,,,,,,2024-12-19,1100,226201_1,JEW,Gdynia - gmina miejska,"39151",,,,NZN,NZN,PL.PZGIK.200,fd9d8f8a-63d8-4448-9d35-b05265e0f335,EGIB,226201_1,,,"0",,"13136",2025-02-28T16:25:41,,2012-01-12T00:00:00,,2025-02-28T16:25:41,,"2763406","1.47016084487","1.47016083956",".05432511825"
SkorowidzOrtofomapy2024.1322931,,,,,,,,,,,,,N-34-50-C-a-1-4,2024,0.05,RGB,Zdj. cyfrowe,PL-1992,1:5000,GK-FOTO.6201.26.2024,,SkorowidzOrtofomapy2024.1322931.akt_data,,,,,,,,,,,,,,,,2024-09-23,TAK,https://opendata.geoportal.gov.pl/ortofotomapa/81010/81010_1322931_N-34-50-C-a-1-4.tif,,SkorowidzOrtofomapy2024.1322931.dt_pzgik,,,,,,,,,,,,,,,,2024-12-19,1088,226201_1,JEW,Gdynia - gmina miejska,"39151",,,,NZN,NZN,PL.PZGIK.200,fd9d8f8a-63d8-4448-9d35-b05265e0f335,EGIB,226201_1,,,"0",,"13136",2025-02-28T16:25:41,,2012-01-12T00:00:00,,2025-02-28T16:25:41,,"2763406","1.47016084487","1.47016083956",".05432511825"
SkorowidzOrtofomapy2024.1322837,,,,,,,,,,,,,N-34-50-A-c-1-1,2024,0.05,RGB,Zdj. cyfrowe,PL-1992,1:5000,GK-FOTO.6201.26.2024,,SkorowidzOrtofomapy2024.1322837.akt_data,,,,,,,,,,,,,,,,2024-09-23,TAK,https://opendata.geoportal.gov.pl/ortofotomapa/81010/81010_1322837_N-34-50-A-c-1-1.tif,,SkorowidzOrtofomapy2024.1322837.dt_pzgik,,,,,,,,,,,,,,,,2024-12-19,1025,226201_1,JEW,Gdynia - gmina miejska,"39151",,,,NZN,NZN,PL.PZGIK.200,fd9d8f8a-63d8-4448-9d35-b05265e0f335,EGIB,226201_1,,,"0",,"13136",2025-02-28T16:25:41,,2012-01-12T00:00:00,,2025-02-28T16:25:41,,"2763406","1.47016084487","1.47016083956",".05432511825"
SkorowidzOrtofomapy2024.1322839,,,,,,,,,,,,,N-34-50-A-c-1-3,2024,0.05,RGB,Zdj. cyfrowe,PL-1992,1:5000,GK-FOTO.6201.26.2024,,SkorowidzOrtofomapy2024.1322839.akt_data,,,,,,,,,,,,,,,,2024-09-23,TAK,https://opendata.geoportal.gov.pl/ortofotomapa/81010/81010_1322839_N-34-50-A-c-1-3.tif,,SkorowidzOrtofomapy2024.1322839.dt_pzgik,,,,,,,,,,,,,,,,2024-12-19,977,226201_1,JEW,Gdynia - gmina miejska,"39151",,,,NZN,NZN,PL.PZGIK.200,fd9d8f8a-63d8-4448-9d35-b05265e0f335,EGIB,226201_1,,,"0",,"13136",2025-02-28T16:25:41,,2012-01-12T00:00:00,,2025-02-28T16:25:41,,"2763406","1.47016084487","1.47016083956",".05432511825"
SkorowidzOrtofomapy2024.1322933,,,,,,,,,,,,,N-34-50-C-a-3-1,2024,0.05,RGB,Zdj. cyfrowe,PL-1992,1:5000,GK-FOTO.6201.26.2024,,SkorowidzOrtofomapy2024.1322933.akt_data,,,,,,,,,,,,,,,,2024-09-23,TAK,https://opendata.geoportal.gov.pl/ortofotomapa/81010/81010_1322933_N-34-50-C-a-3-1.tif,,SkorowidzOrtofomapy2024.1322933.dt_pzgik,,,,,,,,,,,,,,,,2024-12-19,1222,226201_1,JEW,Gdynia - gmina miejska,"39151",,,,NZN,NZN,PL.PZGIK.200,fd9d8f8a-63d8-4448-9d35-b05265e0f335,EGIB,226201_1,,,"0",,"13136",2025-02-28T16:25:41,,2012-01-12T00:00:00,,2025-02-28T16:25:41,,"2763406","1.47016084487","1.47016083956",".05432511825"
SkorowidzOrtofomapy2024.1322802,,,,,,,,,,,,,N-34-49-B-d-2-4,2024,0.05,RGB,Zdj. cyfrowe,PL-1992,1:5000,GK-FOTO.6201.26.2024,,SkorowidzOrtofomapy2024.1322802.akt_data,,,,,,,,,,,,,,,,2024-09-23,TAK,https://opendata.geoportal.gov.pl/ortofotomapa/81010/81010_1322802_N-34-49-B-d-2-4.tif,,SkorowidzOrtofomapy2024.1322802.dt_pzgik,,,,,,,,,,,,,,,,2024-12-19,982,226201_1,JEW,Gdynia - gmina miejska,"39151",,,,NZN,NZN,PL.PZGIK.200,fd9d8f8a-63d8-4448-9d35-b05265e0f335,EGIB,226201_1,,,"0",,"13136",2025-02-28T16:25:41,,2012-01-12T00:00:00,,2025-02-28T16:25:41,,"2763406","1.47016084487","1.47016083956",".05432511825"
SkorowidzOrtofomapy2024.1322836,,,,,,,,,,,,,N-34-50-A-a-3-4,2024,0.05,RGB,Zdj. cyfrowe,PL-1992,1:5000,GK-FOTO.6201.26.2024,,SkorowidzOrtofomapy2024.1322836.akt_data,,,,,,,,,,,,,,,,2024-09-23,TAK,https://opendata.geoportal.gov.pl/ortofotomapa/81010/81010_1322836_N-34-50-A-a-3-4.tif,,SkorowidzOrtofomapy2024.1322836.dt_pzgik,,,,,,,,,,,,,,,,2024-12-19,150,226201_1,JEW,Gdynia - gmina miejska,"39151",,,,NZN,NZN,PL.PZGIK.200,fd9d8f8a-63d8-4448-9d35-b05265e0f335,EGIB,226201_1,,,"0",,"13136",2025-02-28T16:25:41,,2012-01-12T00:00:00,,2025-02-28T16:25:41,,"2763406","1.47016084487","1.47016083956",".05432511825"
SkorowidzOrtofomapy2024.1322819,,,,,,,,,,,,,N-34-49-D-b-2-4,2024,0.05,RGB,Zdj. cyfrowe,PL-1992,1:5000,GK-FOTO.6201.26.2024,,SkorowidzOrtofomapy2024.1322819.akt_data,,,,,,,,,,,,,,,,2024-09-23,TAK,https://opendata.geoportal.gov.pl/ortofotomapa/81010/81010_1322819_N-34-49-D-b-2-4.tif,,SkorowidzOrtofomapy2024.1322819.dt_pzgik,,,,,,,,,,,,,,,,2024-12-19,1052,226201_1,JEW,Gdynia - gmina miejska,"39151",,,,NZN,NZN,PL.PZGIK.200,fd9d8f8a-63d8-4448-9d35-b05265e0f335,EGIB,226201_1,,,"0",,"13136",2025-02-28T16:25:41,,2012-01-12T00:00:00,,2025-02-28T16:25:41,,"2763406","1.47016084487","1.47016083956",".05432511825"
SkorowidzOrtofomapy2024.1322844,,,,,,,,,,,,,N-34-50-A-c-3-4,2024,0.05,RGB,Zdj. cyfrowe,PL-1992,1:5000,GK-FOTO.6201.26.2024,,SkorowidzOrtofomapy2024.1322844.akt_data,,,,,,,,,,,,,,,,2024-09-23,TAK,https://opendata.geoportal.gov.pl/ortofotomapa/81010/81010_1322844_N-34-50-A-c-3-4.tif,,SkorowidzOrtofomapy2024.1322844.dt_pzgik,,,,,,,,,,,,,,,,2024-12-19,804,226201_1,JEW,Gdynia - gmina miejska,"39151",,,,NZN,NZN,PL.PZGIK.200,fd9d8f8a-63d8-4448-9d35-b05265e0f335,EGIB,226201_1,,,"0",,"13136",2025-02-28T16:25:41,,2012-01-12T00:00:00,,2025-02-28T16:25:41,,"2763406","1.47016084487","1.47016083956",".05432511825"
SkorowidzOrtofomapy2024.1322808,,,,,,,,,,,,,N-34-49-B-d-4-2,2024,0.05,RGB,Zdj. cyfrowe,PL-1992,1:5000,GK-FOTO.6201.26.2024,,SkorowidzOrtofomapy2024.1322808.akt_data,,,,,,,,,,,,,,,,2024-09-23,TAK,https://opendata.geoportal.gov.pl/ortofotomapa/81010/81010_1322808_N-34-49-B-d-4-2.tif,,SkorowidzOrtofomapy2024.1322808.dt_pzgik,,,,,,,,,,,,,,,,2024-12-19,1001,226201_1,JEW,Gdynia - gmina miejska,"39151",,,,NZN,NZN,PL.PZGIK.200,fd9d8f8a-63d8-4448-9d35-b05265e0f335,EGIB,226201_1,,,"0",,"13136",2025-02-28T16:25:41,,2012-01-12T00:00:00,,2025-02-28T16:25:41,,"2763406","1.47016084487","1.47016083956",".05432511825"
SkorowidzOrtofomapy2024.1322838,,,,,,,,,,,,,N-34-50-A-c-1-2,2024,0.05,RGB,Zdj. cyfrowe,PL-1992,1:5000,GK-FOTO.6201.26.2024,,SkorowidzOrtofomapy2024.1322838.akt_data,,,,,,,,,,,,,,,,2024-09-23,TAK,https://opendata.geoportal.gov.pl/ortofotomapa/81010/81010_1322838_N-34-50-A-c-1-2.tif,,SkorowidzOrtofomapy2024.1322838.dt_pzgik,,,,,,,,,,,,,,,,2024-12-19,550,226201_1,JEW,Gdynia - gmina miejska,"39151",,,,NZN,NZN,PL.PZGIK.200,fd9d8f8a-63d8-4448-9d35-b05265e0f335,EGIB,226201_1,,,"0",,"13136",2025-02-28T16:25:41,,2012-01-12T00:00:00,,2025-02-28T16:25:41,,"2763406","1.47016084487","1.47016083956",".05432511825"
SkorowidzOrtofomapy2024.1322934,,,,,,,,,,,,,N-34-50-C-a-3-2,2024,0.05,RGB,Zdj. cyfrowe,PL-1992,1:5000,GK-FOTO.6201.26.2024,,SkorowidzOrtofomapy2024.1322934.akt_data,,,,,,,,,,,,,,,,2024-09-23,TAK,https://opendata.geoportal.gov.pl/ortofotomapa/81010/81010_1322934_N-34-50-C-a-3-2.tif,,SkorowidzOrtofomapy2024.1322934.dt_pzgik,,,,,,,,,,,,,,,,2024-12-19,1093,226201_1,JEW,Gdynia - gmina miejska,"39151",,,,NZN,NZN,PL.PZGIK.200,fd9d8f8a-63d8-4448-9d35-b05265e0f335,EGIB,226201_1,,,"0",,"13136",2025-02-28T16:25:41,,2012-01-12T00:00:00,,2025-02-28T16:25:41,,"2763406","1.47016084487","1.47016083956",".05432511825"
SkorowidzOrtofomapy2024.1322846,,,,,,,,,,,,,N-34-50-C-a-1-1,2024,0.05,RGB,Zdj. cyfrowe,PL-1992,1:5000,GK-FOTO.6201.26.2024,,SkorowidzOrtofomapy2024.1322846.akt_data,,,,,,,,,,,,,,,,2024-09-23,TAK,https://opendata.geoportal.gov.pl/ortofotomapa/81010/81010_1322846_N-34-50-C-a-1-1.tif,,SkorowidzOrtofomapy2024.1322846.dt_pzgik,,,,,,,,,,,,,,,,2024-12-19,1088,226201_1,JEW,Gdynia - gmina miejska,"39151",,,,NZN,NZN,PL.PZGIK.200,fd9d8f8a-63d8-4448-9d35-b05265e0f335,EGIB,226201_1,,,"0",,"13136",2025-02-28T16:25:41,,2012-01-12T00:00:00,,2025-02-28T16:25:41,,"2763406","1.47016084487","1.47016083956",".05432511825"
SkorowidzOrtofomapy2024.1322822,,,,,,,,,,,,,N-34-49-D-b-4-2,2024,0.05,RGB,Zdj. cyfrowe,PL-1992,1:5000,GK-FOTO.6201.26.2024,,SkorowidzOrtofomapy2024.1322822.akt_data,,,,,,,,,,,,,,,,2024-09-23,TAK,https://opendata.geoportal.gov.pl/ortofotomapa/81010/81010_1322822_N-34-49-D-b-4-2.tif,,SkorowidzOrtofomapy2024.1322822.dt_pzgik,,,,,,,,,,,,,,,,2024-12-19,1139,226201_1,JEW,Gdynia - gmina miejska,"39151",,,,NZN,NZN,PL.PZGIK.200,fd9d8f8a-63d8-4448-9d35-b05265e0f335,EGIB,226201_1,,,"0",,"13136",2025-02-28T16:25:41,,2012-01-12T00:00:00,,2025-02-28T16:25:41,,"2763406","1.47016084487","1.47016083956",".05432511825"
SkorowidzOrtofomapy2024.1322935,,,,,,,,,,,,,N-34-50-C-a-3-3,2024,0.05,RGB,Zdj. cyfrowe,PL-1992,1:5000,GK-FOTO.6201.26.2024,,SkorowidzOrtofomapy2024.1322935.akt_data,,,,,,,,,,,,,,,,2024-09-23,TAK,https://opendata.geoportal.gov.pl/ortofotomapa/81010/81010_1322935_N-34-50-C-a-3-3.tif,,SkorowidzOrtofomapy2024.1322935.dt_pzgik,,,,,,,,,,,,,,,,2024-12-19,1148,226201_1,JEW,Gdynia - gmina miejska,"39151",,,,NZN,NZN,PL.PZGIK.200,fd9d8f8a-63d8-4448-9d35-b05265e0f335,EGIB,226201_1,,,"0",,"13136",2025-02-28T16:25:41,,2012-01-12T00:00:00,,2025-02-28T16:25:41,,"2763406","1.47016084487","1.47016083956",".05432511825"
SkorowidzOrtofomapy2024.1322824,,,,,,,,,,,,,N-34-49-D-b-4-4,2024,0.05,RGB,Zdj. cyfrowe,PL-1992,1:5000,GK-FOTO.6201.26.2024,,SkorowidzOrtofomapy2024.1322824.akt_data,,,,,,,,,,,,,,,,2024-09-23,TAK,https://opendata.geoportal.gov.pl/ortofotomapa/81010/81010_1322824_N-34-49-D-b-4-4.tif,,SkorowidzOrtofomapy2024.1322824.dt_pzgik,,,,,,,,,,,,,,,,2024-12-19,1074,226201_1,JEW,Gdynia - gmina miejska,"39151",,,,NZN,NZN,PL.PZGIK.200,fd9d8f8a-63d8-4448-9d35-b05265e0f335,EGIB,226201_1,,,"0",,"13136",2025-02-28T16:25:41,,2012-01-12T00:00:00,,2025-02-28T16:25:41,,"2763406","1.47016084487","1.47016083956",".05432511825"
SkorowidzOrtofomapy2024.1322932,,,,,,,,,,,,,N-34-50-C-a-2-3,2024,0.05,RGB,Zdj. cyfrowe,PL-1992,1:5000,GK-FOTO.6201.26.2024,,SkorowidzOrtofomapy2024.1322932.akt_data,,,,,,,,,,,,,,,,2024-09-23,TAK,https://opendata.geoportal.gov.pl/ortofotomapa/81010/81010_1322932_N-34-50-C-a-2-3.tif,,SkorowidzOrtofomapy2024.1322932.dt_pzgik,,,,,,,,,,,,,,,,2024-12-19,94,226201_1,JEW,Gdynia - gmina miejska,"39151",,,,NZN,NZN,PL.PZGIK.200,fd9d8f8a-63d8-4448-9d35-b05265e0f335,EGIB,226201_1,,,"0",,"13136",2025-02-28T16:25:41,,2012-01-12T00:00:00,,2025-02-28T16:25:41,,"2763406","1.47016084487","1.47016083956",".05432511825"
SkorowidzOrtofomapy2024.1322842,,,,,,,,,,,,,N-34-50-A-c-3-2,2024,0.05,RGB,Zdj. cyfrowe,PL-1992,1:5000,GK-FOTO.6201.26.2024,,SkorowidzOrtofomapy2024.1322842.akt_data,,,,,,,,,,,,,,,,2024-09-23,TAK,https://opendata.geoportal.gov.pl/ortofotomapa/81010/81010_1322842_N-34-50-A-c-3-2.tif,,SkorowidzOrtofomapy2024.1322842.dt_pzgik,,,,,,,,,,,,,,,,2024-12-19,642,226201_1,JEW,Gdynia - gmina miejska,"39151",,,,NZN,NZN,PL.PZGIK.200,fd9d8f8a-63d8-4448-9d35-b05265e0f335,EGIB,226201_1,,,"0",,"13136",2025-02-28T16:25:41,,2012-01-12T00:00:00,,2025-02-28T16:25:41,,"2763406","1.47016084487","1.47016083956",".05432511825"
SkorowidzOrtofomapy2024.1322847,,,,,,,,,,,,,N-34-50-C-a-1-2,2024,0.05,RGB,Zdj. cyfrowe,PL-1992,1:5000,GK-FOTO.6201.26.2024,,SkorowidzOrtofomapy2024.1322847.akt_data,,,,,,,,,,,,,,,,2024-09-23,TAK,https://opendata.geoportal.gov.pl/ortofotomapa/81010/81010_1322847_N-34-50-C-a-1-2.tif,,SkorowidzOrtofomapy2024.1322847.dt_pzgik,,,,,,,,,,,,,,,,2024-12-19,1052,226201_1,JEW,Gdynia - gmina miejska,"39151",,,,NZN,NZN,PL.PZGIK.200,fd9d8f8a-63d8-4448-9d35-b05265e0f335,EGIB,226201_1,,,"0",,"13136",2025-02-28T16:25:41,,2012-01-12T00:00:00,,2025-02-28T16:25:41,,"2763406","1.47016084487","1.47016083956",".05432511825"
SkorowidzOrtofomapy2024.1322848,,,,,,,,,,,,,N-34-50-C-a-2-1,2024,0.05,RGB,Zdj. cyfrowe,PL-1992,1:5000,GK-FOTO.6201.26.2024,,SkorowidzOrtofomapy2024.1322848.akt_data,,,,,,,,,,,,,,,,2024-09-23,TAK,https://opendata.geoportal.gov.pl/ortofotomapa/81010/81010_1322848_N-34-50-C-a-2-1.tif,,SkorowidzOrtofomapy2024.1322848.dt_pzgik,,,,,,,,,,,,,,,,2024-12-19,199,226201_1,JEW,Gdynia - gmina miejska,"39151",,,,NZN,NZN,PL.PZGIK.200,fd9d8f8a-63d8-4448-9d35-b05265e0f335,EGIB,226201_1,,,"0",,"13136",2025-02-28T16:25:41,,2012-01-12T00:00:00,,2025-02-28T16:25:41,,"2763406","1.47016084487","1.47016083956",".05432511825"
SkorowidzOrtofomapy2024.1322845,,,,,,,,,,,,,N-34-50-A-c-4-1,2024,0.05,RGB,Zdj. cyfrowe,PL-1992,1:5000,GK-FOTO.6201.26.2024,,SkorowidzOrtofomapy2024.1322845.akt_data,,,,,,,,,,,,,,,,2024-09-23,TAK,https://opendata.geoportal.gov.pl/ortofotomapa/81010/81010_1322845_N-34-50-A-c-4-1.tif,,SkorowidzOrtofomapy2024.1322845.dt_pzgik,,,,,,,,,,,,,,,,2024-12-19,82,226201_1,JEW,Gdynia - gmina miejska,"39151",,,,NZN,NZN,PL.PZGIK.200,fd9d8f8a-63d8-4448-9d35-b05265e0f335,EGIB,226201_1,,,"0",,"13136",2025-02-28T16:25:41,,2012-01-12T00:00:00,,2025-02-28T16:25:41,,"2763406","1.47016084487","1.47016083956",".05432511825"
