,gml_id,id,metadataproperty,description_href,description_title,description_nilreason,description,descriptionreference_href,descriptionreference_title,descriptionreference_nilreason,identifier_codespace,identifier,name,location_location,godlo,akt_rok,piksel,kolor,zrodlo_danych,uklad_xy,modul_archiwizacji,nr_zglosz,akt_data_frame,akt_data_id,akt_data_metadataproperty,akt_data_description_href,akt_data_description_title,akt_data_description_nilreason,akt_data_description,akt_data_descriptionreference_href,akt_data_descriptionreference_title,akt_data_descriptionreference_nilreason,akt_data_identifier_codespace,akt_data_identifier,akt_data_name,akt_data_relatedtime,akt_data_timeposition_frame,akt_data_timeposition_calendareraname,akt_data_timeposition_indeterminateposition,akt_data_timeposition,czy_ark_wypelniony,url_do_pobrania,dt_pzgik_frame,dt_pzgik_id,dt_pzgik_metadataproperty,dt_pzgik_description_href,dt_pzgik_description_title,dt_pzgik_description_nilreason,dt_pzgik_description,dt_pzgik_descriptionreference_href,dt_pzgik_descriptionreference_title,dt_pzgik_descriptionreference_nilreason,dt_pzgik_identifier_codespace,dt_pzgik_identifier,dt_pzgik_name,dt_pzgik_relatedtime,dt_pzgik_timeposition_frame,dt_pzgik_timeposition_calendareraname,dt_pzgik_timeposition_indeterminateposition,dt_pzgik_timeposition,wlk_pliku_mb,layer,path
1060,metro24.0,SkorowidzOrtofomapy2024.1322799,,,,,,,,,,,,,N-34-49-B-d-2-1,2024.0,0.05,RGB,Zdj. cyfrowe,PL-1992,1:5000,GK-FOTO.6201.26.2024,,SkorowidzOrtofomapy2024.1322799.akt_data,,,,,,,,,,,,,,,,2024-09-08,TAK,https://opendata.geoportal.gov.pl/ortofotomapa/81010/81010_1322799_N-34-49-B-d-2-1.tif,,SkorowidzOrtofomapy2024.1322799.dt_pzgik,,,,,,,,,,,,,,,,2024-12-19,1044.0,metro24,C:/Users/admin/Desktop/inference_data/Inference_data/QGIS_project/metro24.gml|layername=metro24
1061,metro24.1,SkorowidzOrtofomapy2024.1322894,,,,,,,,,,,,,N-34-61-B-b-2-1,2024.0,0.05,RGB,Zdj. cyfrowe,PL-1992,1:5000,GK-FOTO.6201.26.2024,,SkorowidzOrtofomapy2024.1322894.akt_data,,,,,,,,,,,,,,,,2024-09-08,TAK,https://opendata.geoportal.gov.pl/ortofotomapa/81010/81010_1322894_N-34-61-B-b-2-1.tif,,SkorowidzOrtofomapy2024.1322894.dt_pzgik,,,,,,,,,,,,,,,,2024-12-19,1098.0,metro24,C:/Users/admin/Desktop/inference_data/Inference_data/QGIS_project/metro24.gml|layername=metro24
1062,metro24.2,SkorowidzOrtofomapy2024.1322884,,,,,,,,,,,,,N-34-50-D-c-3-3,2024.0,0.05,RGB,Zdj. cyfrowe,PL-1992,1:5000,GK-FOTO.6201.26.2024,,SkorowidzOrtofomapy2024.1322884.akt_data,,,,,,,,,,,,,,,,2024-09-08,TAK,https://opendata.geoportal.gov.pl/ortofotomapa/81010/81010_1322884_N-34-50-D-c-3-3.tif,,SkorowidzOrtofomapy2024.1322884.dt_pzgik,,,,,,,,,,,,,,,,2024-12-19,1111.0,metro24,C:/Users/admin/Desktop/inference_data/Inference_data/QGIS_project/metro24.gml|layername=metro24
1063,metro24.3,SkorowidzOrtofomapy2024.1322826,,,,,,,,,,,,,N-34-49-D-d-2-1,2024.0,0.05,RGB,Zdj. cyfrowe,PL-1992,1:5000,GK-FOTO.6201.26.2024,,SkorowidzOrtofomapy2024.1322826.akt_data,,,,,,,,,,,,,,,,2024-09-08,TAK,https://opendata.geoportal.gov.pl/ortofotomapa/81010/81010_1322826_N-34-49-D-d-2-1.tif,,SkorowidzOrtofomapy2024.1322826.dt_pzgik,,,,,,,,,,,,,,,,2024-12-19,1181.0,metro24,C:/Users/admin/Desktop/inference_data/Inference_data/QGIS_project/metro24.gml|layername=metro24
1064,metro24.4,SkorowidzOrtofomapy2024.1322801,,,,,,,,,,,,,N-34-49-B-d-2-3,2024.0,0.05,RGB,Zdj. cyfrowe,PL-1992,1:5000,GK-FOTO.6201.26.2024,,SkorowidzOrtofomapy2024.1322801.akt_data,,,,,,,,,,,,,,,,2024-09-08,TAK,https://opendata.geoportal.gov.pl/ortofotomapa/81010/81010_1322801_N-34-49-B-d-2-3.tif,,SkorowidzOrtofomapy2024.1322801.dt_pzgik,,,,,,,,,,,,,,,,2024-12-19,998.0,metro24,C:/Users/admin/Desktop/inference_data/Inference_data/QGIS_project/metro24.gml|layername=metro24
1065,metro24.5,SkorowidzOrtofomapy2024.1322797,,,,,,,,,,,,,N-34-49-B-d-1-3,2024.0,0.05,RGB,Zdj. cyfrowe,PL-1992,1:5000,GK-FOTO.6201.26.2024,,SkorowidzOrtofomapy2024.1322797.akt_data,,,,,,,,,,,,,,,,2024-09-08,TAK,https://opendata.geoportal.gov.pl/ortofotomapa/81010/81010_1322797_N-34-49-B-d-1-3.tif,,SkorowidzOrtofomapy2024.1322797.dt_pzgik,,,,,,,,,,,,,,,,2024-12-19,1043.0,metro24,C:/Users/admin/Desktop/inference_data/Inference_data/QGIS_project/metro24.gml|layername=metro24
1066,metro24.6,SkorowidzOrtofomapy2024.1322879,,,,,,,,,,,,,N-34-50-C-d-4-2,2024.0,0.05,RGB,Zdj. cyfrowe,PL-1992,1:5000,GK-FOTO.6201.26.2024,,SkorowidzOrtofomapy2024.1322879.akt_data,,,,,,,,,,,,,,,,2024-09-08,TAK,https://opendata.geoportal.gov.pl/ortofotomapa/81010/81010_1322879_N-34-50-C-d-4-2.tif,,SkorowidzOrtofomapy2024.1322879.dt_pzgik,,,,,,,,,,,,,,,,2024-12-19,1055.0,metro24,C:/Users/admin/Desktop/inference_data/Inference_data/QGIS_project/metro24.gml|layername=metro24
1067,metro24.7,SkorowidzOrtofomapy2024.1322818,,,,,,,,,,,,,N-34-49-D-b-2-3,2024.0,0.05,RGB,Zdj. cyfrowe,PL-1992,1:5000,GK-FOTO.6201.26.2024,,SkorowidzOrtofomapy2024.1322818.akt_data,,,,,,,,,,,,,,,,2024-09-08,TAK,https://opendata.geoportal.gov.pl/ortofotomapa/81010/81010_1322818_N-34-49-D-b-2-3.tif,,SkorowidzOrtofomapy2024.1322818.dt_pzgik,,,,,,,,,,,,,,,,2024-12-19,1034.0,metro24,C:/Users/admin/Desktop/inference_data/Inference_data/QGIS_project/metro24.gml|layername=metro24
1068,metro24.8,SkorowidzOrtofomapy2024.1322815,,,,,,,,,,,,,N-34-49-D-b-1-4,2024.0,0.05,RGB,Zdj. cyfrowe,PL-1992,1:5000,GK-FOTO.6201.26.2024,,SkorowidzOrtofomapy2024.1322815.akt_data,,,,,,,,,,,,,,,,2024-09-08,TAK,https://opendata.geoportal.gov.pl/ortofotomapa/81010/81010_1322815_N-34-49-D-b-1-4.tif,,SkorowidzOrtofomapy2024.1322815.dt_pzgik,,,,,,,,,,,,,,,,2024-12-19,1044.0,metro24,C:/Users/admin/Desktop/inference_data/Inference_data/QGIS_project/metro24.gml|layername=metro24
1069,metro24.9,SkorowidzOrtofomapy2024.1322803,,,,,,,,,,,,,N-34-49-B-d-3-1,2024.0,0.05,RGB,Zdj. cyfrowe,PL-1992,1:5000,GK-FOTO.6201.26.2024,,SkorowidzOrtofomapy2024.1322803.akt_data,,,,,,,,,,,,,,,,2024-09-08,TAK,https://opendata.geoportal.gov.pl/ortofotomapa/81010/81010_1322803_N-34-49-B-d-3-1.tif,,SkorowidzOrtofomapy2024.1322803.dt_pzgik,,,,,,,,,,,,,,,,2024-12-19,1106.0,metro24,C:/Users/admin/Desktop/inference_data/Inference_data/QGIS_project/metro24.gml|layername=metro24
1070,metro24.10,SkorowidzOrtofomapy2024.1322812,,,,,,,,,,,,,N-34-49-D-b-1-1,2024.0,0.05,RGB,Zdj. cyfrowe,PL-1992,1:5000,GK-FOTO.6201.26.2024,,SkorowidzOrtofomapy2024.1322812.akt_data,,,,,,,,,,,,,,,,2024-09-08,TAK,https://opendata.geoportal.gov.pl/ortofotomapa/81010/81010_1322812_N-34-49-D-b-1-1.tif,,SkorowidzOrtofomapy2024.1322812.dt_pzgik,,,,,,,,,,,,,,,,2024-12-19,1123.0,metro24,C:/Users/admin/Desktop/inference_data/Inference_data/QGIS_project/metro24.gml|layername=metro24
1071,metro24.11,SkorowidzOrtofomapy2024.1322806,,,,,,,,,,,,,N-34-49-B-d-3-4,2024.0,0.05,RGB,Zdj. cyfrowe,PL-1992,1:5000,GK-FOTO.6201.26.2024,,SkorowidzOrtofomapy2024.1322806.akt_data,,,,,,,,,,,,,,,,2024-09-08,TAK,https://opendata.geoportal.gov.pl/ortofotomapa/81010/81010_1322806_N-34-49-B-d-3-4.tif,,SkorowidzOrtofomapy2024.1322806.dt_pzgik,,,,,,,,,,,,,,,,2024-12-19,856.0,metro24,C:/Users/admin/Desktop/inference_data/Inference_data/QGIS_project/metro24.gml|layername=metro24
1072,metro24.12,SkorowidzOrtofomapy2024.1322823,,,,,,,,,,,,,N-34-49-D-b-4-3,2024.0,0.05,RGB,Zdj. cyfrowe,PL-1992,1:5000,GK-FOTO.6201.26.2024,,SkorowidzOrtofomapy2024.1322823.akt_data,,,,,,,,,,,,,,,,2024-09-08,TAK,https://opendata.geoportal.gov.pl/ortofotomapa/81010/81010_1322823_N-34-49-D-b-4-3.tif,,SkorowidzOrtofomapy2024.1322823.dt_pzgik,,,,,,,,,,,,,,,,2024-12-19,1039.0,metro24,C:/Users/admin/Desktop/inference_data/Inference_data/QGIS_project/metro24.gml|layername=metro24
1073,metro24.13,SkorowidzOrtofomapy2024.1322821,,,,,,,,,,,,,N-34-49-D-b-4-1,2024.0,0.05,RGB,Zdj. cyfrowe,PL-1992,1:5000,GK-FOTO.6201.26.2024,,SkorowidzOrtofomapy2024.1322821.akt_data,,,,,,,,,,,,,,,,2024-09-08,TAK,https://opendata.geoportal.gov.pl/ortofotomapa/81010/81010_1322821_N-34-49-D-b-4-1.tif,,SkorowidzOrtofomapy2024.1322821.dt_pzgik,,,,,,,,,,,,,,,,2024-12-19,1063.0,metro24,C:/Users/admin/Desktop/inference_data/Inference_data/QGIS_project/metro24.gml|layername=metro24
1074,metro24.14,SkorowidzOrtofomapy2024.1322811,,,,,,,,,,,,,N-34-49-D-a-2-2,2024.0,0.05,RGB,Zdj. cyfrowe,PL-1992,1:5000,GK-FOTO.6201.26.2024,,SkorowidzOrtofomapy2024.1322811.akt_data,,,,,,,,,,,,,,,,2024-09-08,TAK,https://opendata.geoportal.gov.pl/ortofotomapa/81010/81010_1322811_N-34-49-D-a-2-2.tif,,SkorowidzOrtofomapy2024.1322811.dt_pzgik,,,,,,,,,,,,,,,,2024-12-19,1090.0,metro24,C:/Users/admin/Desktop/inference_data/Inference_data/QGIS_project/metro24.gml|layername=metro24
1075,metro24.15,SkorowidzOrtofomapy2024.1322816,,,,,,,,,,,,,N-34-49-D-b-2-1,2024.0,0.05,RGB,Zdj. cyfrowe,PL-1992,1:5000,GK-FOTO.6201.26.2024,,SkorowidzOrtofomapy2024.1322816.akt_data,,,,,,,,,,,,,,,,2024-09-08,TAK,https://opendata.geoportal.gov.pl/ortofotomapa/81010/81010_1322816_N-34-49-D-b-2-1.tif,,SkorowidzOrtofomapy2024.1322816.dt_pzgik,,,,,,,,,,,,,,,,2024-12-19,1034.0,metro24,C:/Users/admin/Desktop/inference_data/Inference_data/QGIS_project/metro24.gml|layername=metro24
1076,metro24.16,SkorowidzOrtofomapy2024.1322873,,,,,,,,,,,,,N-34-50-C-d-2-4,2024.0,0.05,RGB,Zdj. cyfrowe,PL-1992,1:5000,GK-FOTO.6201.26.2024,,SkorowidzOrtofomapy2024.1322873.akt_data,,,,,,,,,,,,,,,,2024-09-08,TAK,https://opendata.geoportal.gov.pl/ortofotomapa/81010/81010_1322873_N-34-50-C-d-2-4.tif,,SkorowidzOrtofomapy2024.1322873.dt_pzgik,,,,,,,,,,,,,,,,2024-12-19,492.0,metro24,C:/Users/admin/Desktop/inference_data/Inference_data/QGIS_project/metro24.gml|layername=metro24
1077,metro24.17,SkorowidzOrtofomapy2024.1322804,,,,,,,,,,,,,N-34-49-B-d-3-2,2024.0,0.05,RGB,Zdj. cyfrowe,PL-1992,1:5000,GK-FOTO.6201.26.2024,,SkorowidzOrtofomapy2024.1322804.akt_data,,,,,,,,,,,,,,,,2024-09-08,TAK,https://opendata.geoportal.gov.pl/ortofotomapa/81010/81010_1322804_N-34-49-B-d-3-2.tif,,SkorowidzOrtofomapy2024.1322804.dt_pzgik,,,,,,,,,,,,,,,,2024-12-19,986.0,metro24,C:/Users/admin/Desktop/inference_data/Inference_data/QGIS_project/metro24.gml|layername=metro24
1078,metro24.18,SkorowidzOrtofomapy2024.1322794,,,,,,,,,,,,,N-34-49-B-c-4-4,2024.0,0.05,RGB,Zdj. cyfrowe,PL-1992,1:5000,GK-FOTO.6201.26.2024,,SkorowidzOrtofomapy2024.1322794.akt_data,,,,,,,,,,,,,,,,2024-09-08,TAK,https://opendata.geoportal.gov.pl/ortofotomapa/81010/81010_1322794_N-34-49-B-c-4-4.tif,,SkorowidzOrtofomapy2024.1322794.dt_pzgik,,,,,,,,,,,,,,,,2024-12-19,1107.0,metro24,C:/Users/admin/Desktop/inference_data/Inference_data/QGIS_project/metro24.gml|layername=metro24
1079,metro24.19,SkorowidzOrtofomapy2024.1322910,,,,,,,,,,,,,N-34-62-A-b-2-2,2024.0,0.05,RGB,Zdj. cyfrowe,PL-1992,1:5000,GK-FOTO.6201.26.2024,,SkorowidzOrtofomapy2024.1322910.akt_data,,,,,,,,,,,,,,,,2024-09-08,TAK,https://opendata.geoportal.gov.pl/ortofotomapa/81010/81010_1322910_N-34-62-A-b-2-2.tif,,SkorowidzOrtofomapy2024.1322910.dt_pzgik,,,,,,,,,,,,,,,,2024-12-19,1032.0,metro24,C:/Users/admin/Desktop/inference_data/Inference_data/QGIS_project/metro24.gml|layername=metro24
1080,metro24.20,SkorowidzOrtofomapy2024.1322796,,,,,,,,,,,,,N-34-49-B-d-1-2,2024.0,0.05,RGB,Zdj. cyfrowe,PL-1992,1:5000,GK-FOTO.6201.26.2024,,SkorowidzOrtofomapy2024.1322796.akt_data,,,,,,,,,,,,,,,,2024-09-08,TAK,https://opendata.geoportal.gov.pl/ortofotomapa/81010/81010_1322796_N-34-49-B-d-1-2.tif,,SkorowidzOrtofomapy2024.1322796.dt_pzgik,,,,,,,,,,,,,,,,2024-12-19,1007.0,metro24,C:/Users/admin/Desktop/inference_data/Inference_data/QGIS_project/metro24.gml|layername=metro24
1081,metro24.21,SkorowidzOrtofomapy2024.1322798,,,,,,,,,,,,,N-34-49-B-d-1-4,2024.0,0.05,RGB,Zdj. cyfrowe,PL-1992,1:5000,GK-FOTO.6201.26.2024,,SkorowidzOrtofomapy2024.1322798.akt_data,,,,,,,,,,,,,,,,2024-09-08,TAK,https://opendata.geoportal.gov.pl/ortofotomapa/81010/81010_1322798_N-34-49-B-d-1-4.tif,,SkorowidzOrtofomapy2024.1322798.dt_pzgik,,,,,,,,,,,,,,,,2024-12-19,968.0,metro24,C:/Users/admin/Desktop/inference_data/Inference_data/QGIS_project/metro24.gml|layername=metro24
1082,metro24.22,SkorowidzOrtofomapy2024.1322830,,,,,,,,,,,,,N-34-49-D-d-4-1,2024.0,0.05,RGB,Zdj. cyfrowe,PL-1992,1:5000,GK-FOTO.6201.26.2024,,SkorowidzOrtofomapy2024.1322830.akt_data,,,,,,,,,,,,,,,,2024-09-08,TAK,https://opendata.geoportal.gov.pl/ortofotomapa/81010/81010_1322830_N-34-49-D-d-4-1.tif,,SkorowidzOrtofomapy2024.1322830.dt_pzgik,,,,,,,,,,,,,,,,2024-12-19,1117.0,metro24,C:/Users/admin/Desktop/inference_data/Inference_data/QGIS_project/metro24.gml|layername=metro24
1083,metro24.23,SkorowidzOrtofomapy2024.1322813,,,,,,,,,,,,,N-34-49-D-b-1-2,2024.0,0.05,RGB,Zdj. cyfrowe,PL-1992,1:5000,GK-FOTO.6201.26.2024,,SkorowidzOrtofomapy2024.1322813.akt_data,,,,,,,,,,,,,,,,2024-09-08,TAK,https://opendata.geoportal.gov.pl/ortofotomapa/81010/81010_1322813_N-34-49-D-b-1-2.tif,,SkorowidzOrtofomapy2024.1322813.dt_pzgik,,,,,,,,,,,,,,,,2024-12-19,1075.0,metro24,C:/Users/admin/Desktop/inference_data/Inference_data/QGIS_project/metro24.gml|layername=metro24
1084,metro24.24,SkorowidzOrtofomapy2024.1322825,,,,,,,,,,,,,N-34-49-D-d-1-4,2024.0,0.05,RGB,Zdj. cyfrowe,PL-1992,1:5000,GK-FOTO.6201.26.2024,,SkorowidzOrtofomapy2024.1322825.akt_data,,,,,,,,,,,,,,,,2024-09-08,TAK,https://opendata.geoportal.gov.pl/ortofotomapa/81010/81010_1322825_N-34-49-D-d-1-4.tif,,SkorowidzOrtofomapy2024.1322825.dt_pzgik,,,,,,,,,,,,,,,,2024-12-19,1107.0,metro24,C:/Users/admin/Desktop/inference_data/Inference_data/QGIS_project/metro24.gml|layername=metro24
1085,metro24.25,SkorowidzOrtofomapy2024.1322881,,,,,,,,,,,,,N-34-50-C-d-4-4,2024.0,0.05,RGB,Zdj. cyfrowe,PL-1992,1:5000,GK-FOTO.6201.26.2024,,SkorowidzOrtofomapy2024.1322881.akt_data,,,,,,,,,,,,,,,,2024-09-08,TAK,https://opendata.geoportal.gov.pl/ortofotomapa/81010/81010_1322881_N-34-50-C-d-4-4.tif,,SkorowidzOrtofomapy2024.1322881.dt_pzgik,,,,,,,,,,,,,,,,2024-12-19,993.0,metro24,C:/Users/admin/Desktop/inference_data/Inference_data/QGIS_project/metro24.gml|layername=metro24
1086,metro24.26,SkorowidzOrtofomapy2024.1322828,,,,,,,,,,,,,N-34-49-D-d-2-3,2024.0,0.05,RGB,Zdj. cyfrowe,PL-1992,1:5000,GK-FOTO.6201.26.2024,,SkorowidzOrtofomapy2024.1322828.akt_data,,,,,,,,,,,,,,,,2024-09-08,TAK,https://opendata.geoportal.gov.pl/ortofotomapa/81010/81010_1322828_N-34-49-D-d-2-3.tif,,SkorowidzOrtofomapy2024.1322828.dt_pzgik,,,,,,,,,,,,,,,,2024-12-19,1144.0,metro24,C:/Users/admin/Desktop/inference_data/Inference_data/QGIS_project/metro24.gml|layername=metro24
1087,metro24.27,SkorowidzOrtofomapy2024.1322807,,,,,,,,,,,,,N-34-49-B-d-4-1,2024.0,0.05,RGB,Zdj. cyfrowe,PL-1992,1:5000,GK-FOTO.6201.26.2024,,SkorowidzOrtofomapy2024.1322807.akt_data,,,,,,,,,,,,,,,,2024-09-08,TAK,https://opendata.geoportal.gov.pl/ortofotomapa/81010/81010_1322807_N-34-49-B-d-4-1.tif,,SkorowidzOrtofomapy2024.1322807.dt_pzgik,,,,,,,,,,,,,,,,2024-12-19,914.0,metro24,C:/Users/admin/Desktop/inference_data/Inference_data/QGIS_project/metro24.gml|layername=metro24
1088,metro24.28,SkorowidzOrtofomapy2024.1322832,,,,,,,,,,,,,N-34-49-D-d-4-3,2024.0,0.05,RGB,Zdj. cyfrowe,PL-1992,1:5000,GK-FOTO.6201.26.2024,,SkorowidzOrtofomapy2024.1322832.akt_data,,,,,,,,,,,,,,,,2024-09-08,TAK,https://opendata.geoportal.gov.pl/ortofotomapa/81010/81010_1322832_N-34-49-D-d-4-3.tif,,SkorowidzOrtofomapy2024.1322832.dt_pzgik,,,,,,,,,,,,,,,,2024-12-19,1082.0,metro24,C:/Users/admin/Desktop/inference_data/Inference_data/QGIS_project/metro24.gml|layername=metro24
1089,metro24.29,SkorowidzOrtofomapy2024.1322805,,,,,,,,,,,,,N-34-49-B-d-3-3,2024.0,0.05,RGB,Zdj. cyfrowe,PL-1992,1:5000,GK-FOTO.6201.26.2024,,SkorowidzOrtofomapy2024.1322805.akt_data,,,,,,,,,,,,,,,,2024-09-08,TAK,https://opendata.geoportal.gov.pl/ortofotomapa/81010/81010_1322805_N-34-49-B-d-3-3.tif,,SkorowidzOrtofomapy2024.1322805.dt_pzgik,,,,,,,,,,,,,,,,2024-12-19,1092.0,metro24,C:/Users/admin/Desktop/inference_data/Inference_data/QGIS_project/metro24.gml|layername=metro24
1090,metro24.30,SkorowidzOrtofomapy2024.1322814,,,,,,,,,,,,,N-34-49-D-b-1-3,2024.0,0.05,RGB,Zdj. cyfrowe,PL-1992,1:5000,GK-FOTO.6201.26.2024,,SkorowidzOrtofomapy2024.1322814.akt_data,,,,,,,,,,,,,,,,2024-09-08,TAK,https://opendata.geoportal.gov.pl/ortofotomapa/81010/81010_1322814_N-34-49-D-b-1-3.tif,,SkorowidzOrtofomapy2024.1322814.dt_pzgik,,,,,,,,,,,,,,,,2024-12-19,1108.0,metro24,C:/Users/admin/Desktop/inference_data/Inference_data/QGIS_project/metro24.gml|layername=metro24
1091,metro24.31,SkorowidzOrtofomapy2024.1322809,,,,,,,,,,,,,N-34-49-B-d-4-3,2024.0,0.05,RGB,Zdj. cyfrowe,PL-1992,1:5000,GK-FOTO.6201.26.2024,,SkorowidzOrtofomapy2024.1322809.akt_data,,,,,,,,,,,,,,,,2024-09-08,TAK,https://opendata.geoportal.gov.pl/ortofotomapa/81010/81010_1322809_N-34-49-B-d-4-3.tif,,SkorowidzOrtofomapy2024.1322809.dt_pzgik,,,,,,,,,,,,,,,,2024-12-19,705.0,metro24,C:/Users/admin/Desktop/inference_data/Inference_data/QGIS_project/metro24.gml|layername=metro24
1092,metro24.32,SkorowidzOrtofomapy2024.1322820,,,,,,,,,,,,,N-34-49-D-b-3-2,2024.0,0.05,RGB,Zdj. cyfrowe,PL-1992,1:5000,GK-FOTO.6201.26.2024,,SkorowidzOrtofomapy2024.1322820.akt_data,,,,,,,,,,,,,,,,2024-09-08,TAK,https://opendata.geoportal.gov.pl/ortofotomapa/81010/81010_1322820_N-34-49-D-b-3-2.tif,,SkorowidzOrtofomapy2024.1322820.dt_pzgik,,,,,,,,,,,,,,,,2024-12-19,1088.0,metro24,C:/Users/admin/Desktop/inference_data/Inference_data/QGIS_project/metro24.gml|layername=metro24
1093,metro24.33,SkorowidzOrtofomapy2024.1322887,,,,,,,,,,,,,N-34-50-D-c-4-3,2024.0,0.05,RGB,Zdj. cyfrowe,PL-1992,1:5000,GK-FOTO.6201.26.2024,,SkorowidzOrtofomapy2024.1322887.akt_data,,,,,,,,,,,,,,,,2024-09-20,TAK,https://opendata.geoportal.gov.pl/ortofotomapa/81010/81010_1322887_N-34-50-D-c-4-3.tif,,SkorowidzOrtofomapy2024.1322887.dt_pzgik,,,,,,,,,,,,,,,,2024-12-19,986.0,metro24,C:/Users/admin/Desktop/inference_data/Inference_data/QGIS_project/metro24.gml|layername=metro24
1094,metro24.34,SkorowidzOrtofomapy2024.1322890,,,,,,,,,,,,,N-34-50-D-d-3-3,2024.0,0.05,RGB,Zdj. cyfrowe,PL-1992,1:5000,GK-FOTO.6201.26.2024,,SkorowidzOrtofomapy2024.1322890.akt_data,,,,,,,,,,,,,,,,2024-09-20,TAK,https://opendata.geoportal.gov.pl/ortofotomapa/81010/81010_1322890_N-34-50-D-d-3-3.tif,,SkorowidzOrtofomapy2024.1322890.dt_pzgik,,,,,,,,,,,,,,,,2024-12-19,769.0,metro24,C:/Users/admin/Desktop/inference_data/Inference_data/QGIS_project/metro24.gml|layername=metro24
1095,metro24.35,SkorowidzOrtofomapy2024.1322921,,,,,,,,,,,,,N-34-62-B-a-2-2,2024.0,0.05,RGB,Zdj. cyfrowe,PL-1992,1:5000,GK-FOTO.6201.26.2024,,SkorowidzOrtofomapy2024.1322921.akt_data,,,,,,,,,,,,,,,,2024-09-20,TAK,https://opendata.geoportal.gov.pl/ortofotomapa/81010/81010_1322921_N-34-62-B-a-2-2.tif,,SkorowidzOrtofomapy2024.1322921.dt_pzgik,,,,,,,,,,,,,,,,2024-12-19,1223.0,metro24,C:/Users/admin/Desktop/inference_data/Inference_data/QGIS_project/metro24.gml|layername=metro24
1096,metro24.36,SkorowidzOrtofomapy2024.1322923,,,,,,,,,,,,,N-34-62-B-b-1-1,2024.0,0.05,RGB,Zdj. cyfrowe,PL-1992,1:5000,GK-FOTO.6201.26.2024,,SkorowidzOrtofomapy2024.1322923.akt_data,,,,,,,,,,,,,,,,2024-09-20,TAK,https://opendata.geoportal.gov.pl/ortofotomapa/81010/81010_1322923_N-34-62-B-b-1-1.tif,,SkorowidzOrtofomapy2024.1322923.dt_pzgik,,,,,,,,,,,,,,,,2024-12-19,1190.0,metro24,C:/Users/admin/Desktop/inference_data/Inference_data/QGIS_project/metro24.gml|layername=metro24
1097,metro24.37,SkorowidzOrtofomapy2024.1322920,,,,,,,,,,,,,N-34-62-B-a-2-1,2024.0,0.05,RGB,Zdj. cyfrowe,PL-1992,1:5000,GK-FOTO.6201.26.2024,,SkorowidzOrtofomapy2024.1322920.akt_data,,,,,,,,,,,,,,,,2024-09-20,TAK,https://opendata.geoportal.gov.pl/ortofotomapa/81010/81010_1322920_N-34-62-B-a-2-1.tif,,SkorowidzOrtofomapy2024.1322920.dt_pzgik,,,,,,,,,,,,,,,,2024-12-19,1227.0,metro24,C:/Users/admin/Desktop/inference_data/Inference_data/QGIS_project/metro24.gml|layername=metro24
1098,metro24.38,SkorowidzOrtofomapy2024.1322883,,,,,,,,,,,,,N-34-50-D-c-3-2,2024.0,0.05,RGB,Zdj. cyfrowe,PL-1992,1:5000,GK-FOTO.6201.26.2024,,SkorowidzOrtofomapy2024.1322883.akt_data,,,,,,,,,,,,,,,,2024-09-20,TAK,https://opendata.geoportal.gov.pl/ortofotomapa/81010/81010_1322883_N-34-50-D-c-3-2.tif,,SkorowidzOrtofomapy2024.1322883.dt_pzgik,,,,,,,,,,,,,,,,2024-12-19,550.0,metro24,C:/Users/admin/Desktop/inference_data/Inference_data/QGIS_project/metro24.gml|layername=metro24
1099,metro24.39,SkorowidzOrtofomapy2024.1322886,,,,,,,,,,,,,N-34-50-D-c-4-1,2024.0,0.05,RGB,Zdj. cyfrowe,PL-1992,1:5000,GK-FOTO.6201.26.2024,,SkorowidzOrtofomapy2024.1322886.akt_data,,,,,,,,,,,,,,,,2024-09-20,TAK,https://opendata.geoportal.gov.pl/ortofotomapa/81010/81010_1322886_N-34-50-D-c-4-1.tif,,SkorowidzOrtofomapy2024.1322886.dt_pzgik,,,,,,,,,,,,,,,,2024-12-19,245.0,metro24,C:/Users/admin/Desktop/inference_data/Inference_data/QGIS_project/metro24.gml|layername=metro24
1100,metro24.40,SkorowidzOrtofomapy2024.1322922,,,,,,,,,,,,,N-34-62-B-a-2-4,2024.0,0.05,RGB,Zdj. cyfrowe,PL-1992,1:5000,GK-FOTO.6201.26.2024,,SkorowidzOrtofomapy2024.1322922.akt_data,,,,,,,,,,,,,,,,2024-09-20,TAK,https://opendata.geoportal.gov.pl/ortofotomapa/81010/81010_1322922_N-34-62-B-a-2-4.tif,,SkorowidzOrtofomapy2024.1322922.dt_pzgik,,,,,,,,,,,,,,,,2024-12-19,1217.0,metro24,C:/Users/admin/Desktop/inference_data/Inference_data/QGIS_project/metro24.gml|layername=metro24
1101,metro24.41,SkorowidzOrtofomapy2024.1322882,,,,,,,,,,,,,N-34-50-D-c-3-1,2024.0,0.05,RGB,Zdj. cyfrowe,PL-1992,1:5000,GK-FOTO.6201.26.2024,,SkorowidzOrtofomapy2024.1322882.akt_data,,,,,,,,,,,,,,,,2024-09-20,TAK,https://opendata.geoportal.gov.pl/ortofotomapa/81010/81010_1322882_N-34-50-D-c-3-1.tif,,SkorowidzOrtofomapy2024.1322882.dt_pzgik,,,,,,,,,,,,,,,,2024-12-19,946.0,metro24,C:/Users/admin/Desktop/inference_data/Inference_data/QGIS_project/metro24.gml|layername=metro24
1102,metro24.42,SkorowidzOrtofomapy2024.1322925,,,,,,,,,,,,,N-34-62-B-b-1-3,2024.0,0.05,RGB,Zdj. cyfrowe,PL-1992,1:5000,GK-FOTO.6201.26.2024,,SkorowidzOrtofomapy2024.1322925.akt_data,,,,,,,,,,,,,,,,2024-09-20,TAK,https://opendata.geoportal.gov.pl/ortofotomapa/81010/81010_1322925_N-34-62-B-b-1-3.tif,,SkorowidzOrtofomapy2024.1322925.dt_pzgik,,,,,,,,,,,,,,,,2024-12-19,1238.0,metro24,C:/Users/admin/Desktop/inference_data/Inference_data/QGIS_project/metro24.gml|layername=metro24
1103,metro24.43,SkorowidzOrtofomapy2024.1322919,,,,,,,,,,,,,N-34-62-B-a-1-1,2024.0,0.05,RGB,Zdj. cyfrowe,PL-1992,1:5000,GK-FOTO.6201.26.2024,,SkorowidzOrtofomapy2024.1322919.akt_data,,,,,,,,,,,,,,,,2024-09-20,TAK,https://opendata.geoportal.gov.pl/ortofotomapa/81010/81010_1322919_N-34-62-B-a-1-1.tif,,SkorowidzOrtofomapy2024.1322919.dt_pzgik,,,,,,,,,,,,,,,,2024-12-19,1116.0,metro24,C:/Users/admin/Desktop/inference_data/Inference_data/QGIS_project/metro24.gml|layername=metro24
1104,metro24.44,SkorowidzOrtofomapy2024.1322885,,,,,,,,,,,,,N-34-50-D-c-3-4,2024.0,0.05,RGB,Zdj. cyfrowe,PL-1992,1:5000,GK-FOTO.6201.26.2024,,SkorowidzOrtofomapy2024.1322885.akt_data,,,,,,,,,,,,,,,,2024-09-20,TAK,https://opendata.geoportal.gov.pl/ortofotomapa/81010/81010_1322885_N-34-50-D-c-3-4.tif,,SkorowidzOrtofomapy2024.1322885.dt_pzgik,,,,,,,,,,,,,,,,2024-12-19,1001.0,metro24,C:/Users/admin/Desktop/inference_data/Inference_data/QGIS_project/metro24.gml|layername=metro24
1105,metro24.45,SkorowidzOrtofomapy2024.1322888,,,,,,,,,,,,,N-34-50-D-c-4-4,2024.0,0.05,RGB,Zdj. cyfrowe,PL-1992,1:5000,GK-FOTO.6201.26.2024,,SkorowidzOrtofomapy2024.1322888.akt_data,,,,,,,,,,,,,,,,2024-09-20,TAK,https://opendata.geoportal.gov.pl/ortofotomapa/81010/81010_1322888_N-34-50-D-c-4-4.tif,,SkorowidzOrtofomapy2024.1322888.dt_pzgik,,,,,,,,,,,,,,,,2024-12-19,1028.0,metro24,C:/Users/admin/Desktop/inference_data/Inference_data/QGIS_project/metro24.gml|layername=metro24
1106,metro24.46,SkorowidzOrtofomapy2024.1322810,,,,,,,,,,,,,N-34-49-B-d-4-4,2024.0,0.05,RGB,Zdj. cyfrowe,PL-1992,1:5000,GK-FOTO.6201.26.2024,,SkorowidzOrtofomapy2024.1322810.akt_data,,,,,,,,,,,,,,,,2024-09-23,TAK,https://opendata.geoportal.gov.pl/ortofotomapa/81010/81010_1322810_N-34-49-B-d-4-4.tif,,SkorowidzOrtofomapy2024.1322810.dt_pzgik,,,,,,,,,,,,,,,,2024-12-19,1156.0,metro24,C:/Users/admin/Desktop/inference_data/Inference_data/QGIS_project/metro24.gml|layername=metro24
1107,metro24.47,SkorowidzOrtofomapy2024.1322847,,,,,,,,,,,,,N-34-50-C-a-1-2,2024.0,0.05,RGB,Zdj. cyfrowe,PL-1992,1:5000,GK-FOTO.6201.26.2024,,SkorowidzOrtofomapy2024.1322847.akt_data,,,,,,,,,,,,,,,,2024-09-23,TAK,https://opendata.geoportal.gov.pl/ortofotomapa/81010/81010_1322847_N-34-50-C-a-1-2.tif,,SkorowidzOrtofomapy2024.1322847.dt_pzgik,,,,,,,,,,,,,,,,2024-12-19,1052.0,metro24,C:/Users/admin/Desktop/inference_data/Inference_data/QGIS_project/metro24.gml|layername=metro24
1108,metro24.48,SkorowidzOrtofomapy2024.1322800,,,,,,,,,,,,,N-34-49-B-d-2-2,2024.0,0.05,RGB,Zdj. cyfrowe,PL-1992,1:5000,GK-FOTO.6201.26.2024,,SkorowidzOrtofomapy2024.1322800.akt_data,,,,,,,,,,,,,,,,2024-09-23,TAK,https://opendata.geoportal.gov.pl/ortofotomapa/81010/81010_1322800_N-34-49-B-d-2-2.tif,,SkorowidzOrtofomapy2024.1322800.dt_pzgik,,,,,,,,,,,,,,,,2024-12-19,1100.0,metro24,C:/Users/admin/Desktop/inference_data/Inference_data/QGIS_project/metro24.gml|layername=metro24
1109,metro24.49,SkorowidzOrtofomapy2024.1322836,,,,,,,,,,,,,N-34-50-A-a-3-4,2024.0,0.05,RGB,Zdj. cyfrowe,PL-1992,1:5000,GK-FOTO.6201.26.2024,,SkorowidzOrtofomapy2024.1322836.akt_data,,,,,,,,,,,,,,,,2024-09-23,TAK,https://opendata.geoportal.gov.pl/ortofotomapa/81010/81010_1322836_N-34-50-A-a-3-4.tif,,SkorowidzOrtofomapy2024.1322836.dt_pzgik,,,,,,,,,,,,,,,,2024-12-19,150.0,metro24,C:/Users/admin/Desktop/inference_data/Inference_data/QGIS_project/metro24.gml|layername=metro24
1110,metro24.50,SkorowidzOrtofomapy2024.1322845,,,,,,,,,,,,,N-34-50-A-c-4-1,2024.0,0.05,RGB,Zdj. cyfrowe,PL-1992,1:5000,GK-FOTO.6201.26.2024,,SkorowidzOrtofomapy2024.1322845.akt_data,,,,,,,,,,,,,,,,2024-09-23,TAK,https://opendata.geoportal.gov.pl/ortofotomapa/81010/81010_1322845_N-34-50-A-c-4-1.tif,,SkorowidzOrtofomapy2024.1322845.dt_pzgik,,,,,,,,,,,,,,,,2024-12-19,82.0,metro24,C:/Users/admin/Desktop/inference_data/Inference_data/QGIS_project/metro24.gml|layername=metro24
1111,metro24.51,SkorowidzOrtofomapy2024.1322822,,,,,,,,,,,,,N-34-49-D-b-4-2,2024.0,0.05,RGB,Zdj. cyfrowe,PL-1992,1:5000,GK-FOTO.6201.26.2024,,SkorowidzOrtofomapy2024.1322822.akt_data,,,,,,,,,,,,,,,,2024-09-23,TAK,https://opendata.geoportal.gov.pl/ortofotomapa/81010/81010_1322822_N-34-49-D-b-4-2.tif,,SkorowidzOrtofomapy2024.1322822.dt_pzgik,,,,,,,,,,,,,,,,2024-12-19,1139.0,metro24,C:/Users/admin/Desktop/inference_data/Inference_data/QGIS_project/metro24.gml|layername=metro24
1112,metro24.52,SkorowidzOrtofomapy2024.1322936,,,,,,,,,,,,,N-34-50-C-a-3-4,2024.0,0.05,RGB,Zdj. cyfrowe,PL-1992,1:5000,GK-FOTO.6201.26.2024,,SkorowidzOrtofomapy2024.1322936.akt_data,,,,,,,,,,,,,,,,2024-09-23,TAK,https://opendata.geoportal.gov.pl/ortofotomapa/81010/81010_1322936_N-34-50-C-a-3-4.tif,,SkorowidzOrtofomapy2024.1322936.dt_pzgik,,,,,,,,,,,,,,,,2024-12-19,1113.0,metro24,C:/Users/admin/Desktop/inference_data/Inference_data/QGIS_project/metro24.gml|layername=metro24
1113,metro24.53,SkorowidzOrtofomapy2024.1322831,,,,,,,,,,,,,N-34-49-D-d-4-2,2024.0,0.05,RGB,Zdj. cyfrowe,PL-1992,1:5000,GK-FOTO.6201.26.2024,,SkorowidzOrtofomapy2024.1322831.akt_data,,,,,,,,,,,,,,,,2024-09-23,TAK,https://opendata.geoportal.gov.pl/ortofotomapa/81010/81010_1322831_N-34-49-D-d-4-2.tif,,SkorowidzOrtofomapy2024.1322831.dt_pzgik,,,,,,,,,,,,,,,,2024-12-19,1043.0,metro24,C:/Users/admin/Desktop/inference_data/Inference_data/QGIS_project/metro24.gml|layername=metro24
1114,metro24.54,SkorowidzOrtofomapy2024.1322848,,,,,,,,,,,,,N-34-50-C-a-2-1,2024.0,0.05,RGB,Zdj. cyfrowe,PL-1992,1:5000,GK-FOTO.6201.26.2024,,SkorowidzOrtofomapy2024.1322848.akt_data,,,,,,,,,,,,,,,,2024-09-23,TAK,https://opendata.geoportal.gov.pl/ortofotomapa/81010/81010_1322848_N-34-50-C-a-2-1.tif,,SkorowidzOrtofomapy2024.1322848.dt_pzgik,,,,,,,,,,,,,,,,2024-12-19,199.0,metro24,C:/Users/admin/Desktop/inference_data/Inference_data/QGIS_project/metro24.gml|layername=metro24
1115,metro24.55,SkorowidzOrtofomapy2024.1322864,,,,,,,,,,,,,N-34-50-C-c-4-3,2024.0,0.05,RGB,Zdj. cyfrowe,PL-1992,1:5000,GK-FOTO.6201.26.2024,,SkorowidzOrtofomapy2024.1322864.akt_data,,,,,,,,,,,,,,,,2024-09-23,TAK,https://opendata.geoportal.gov.pl/ortofotomapa/81010/81010_1322864_N-34-50-C-c-4-3.tif,,SkorowidzOrtofomapy2024.1322864.dt_pzgik,,,,,,,,,,,,,,,,2024-12-19,1083.0,metro24,C:/Users/admin/Desktop/inference_data/Inference_data/QGIS_project/metro24.gml|layername=metro24
1116,metro24.56,SkorowidzOrtofomapy2024.1322844,,,,,,,,,,,,,N-34-50-A-c-3-4,2024.0,0.05,RGB,Zdj. cyfrowe,PL-1992,1:5000,GK-FOTO.6201.26.2024,,SkorowidzOrtofomapy2024.1322844.akt_data,,,,,,,,,,,,,,,,2024-09-23,TAK,https://opendata.geoportal.gov.pl/ortofotomapa/81010/81010_1322844_N-34-50-A-c-3-4.tif,,SkorowidzOrtofomapy2024.1322844.dt_pzgik,,,,,,,,,,,,,,,,2024-12-19,804.0,metro24,C:/Users/admin/Desktop/inference_data/Inference_data/QGIS_project/metro24.gml|layername=metro24
1117,metro24.57,SkorowidzOrtofomapy2024.1322897,,,,,,,,,,,,,N-34-62-A-a-1-2,2024.0,0.05,RGB,Zdj. cyfrowe,PL-1992,1:5000,GK-FOTO.6201.26.2024,,SkorowidzOrtofomapy2024.1322897.akt_data,,,,,,,,,,,,,,,,2024-09-23,TAK,https://opendata.geoportal.gov.pl/ortofotomapa/81010/81010_1322897_N-34-62-A-a-1-2.tif,,SkorowidzOrtofomapy2024.1322897.dt_pzgik,,,,,,,,,,,,,,,,2024-12-19,1035.0,metro24,C:/Users/admin/Desktop/inference_data/Inference_data/QGIS_project/metro24.gml|layername=metro24
1118,metro24.58,SkorowidzOrtofomapy2024.1322829,,,,,,,,,,,,,N-34-49-D-d-2-4,2024.0,0.05,RGB,Zdj. cyfrowe,PL-1992,1:5000,GK-FOTO.6201.26.2024,,SkorowidzOrtofomapy2024.1322829.akt_data,,,,,,,,,,,,,,,,2024-09-23,TAK,https://opendata.geoportal.gov.pl/ortofotomapa/81010/81010_1322829_N-34-49-D-d-2-4.tif,,SkorowidzOrtofomapy2024.1322829.dt_pzgik,,,,,,,,,,,,,,,,2024-12-19,1092.0,metro24,C:/Users/admin/Desktop/inference_data/Inference_data/QGIS_project/metro24.gml|layername=metro24
1119,metro24.59,SkorowidzOrtofomapy2024.1322841,,,,,,,,,,,,,N-34-50-A-c-3-1,2024.0,0.05,RGB,Zdj. cyfrowe,PL-1992,1:5000,GK-FOTO.6201.26.2024,,SkorowidzOrtofomapy2024.1322841.akt_data,,,,,,,,,,,,,,,,2024-09-23,TAK,https://opendata.geoportal.gov.pl/ortofotomapa/81010/81010_1322841_N-34-50-A-c-3-1.tif,,SkorowidzOrtofomapy2024.1322841.dt_pzgik,,,,,,,,,,,,,,,,2024-12-19,871.0,metro24,C:/Users/admin/Desktop/inference_data/Inference_data/QGIS_project/metro24.gml|layername=metro24
1120,metro24.60,SkorowidzOrtofomapy2024.1322843,,,,,,,,,,,,,N-34-50-A-c-3-3,2024.0,0.05,RGB,Zdj. cyfrowe,PL-1992,1:5000,GK-FOTO.6201.26.2024,,SkorowidzOrtofomapy2024.1322843.akt_data,,,,,,,,,,,,,,,,2024-09-23,TAK,https://opendata.geoportal.gov.pl/ortofotomapa/81010/81010_1322843_N-34-50-A-c-3-3.tif,,SkorowidzOrtofomapy2024.1322843.dt_pzgik,,,,,,,,,,,,,,,,2024-12-19,1123.0,metro24,C:/Users/admin/Desktop/inference_data/Inference_data/QGIS_project/metro24.gml|layername=metro24
1121,metro24.61,SkorowidzOrtofomapy2024.1322861,,,,,,,,,,,,,N-34-50-C-c-3-4,2024.0,0.05,RGB,Zdj. cyfrowe,PL-1992,1:5000,GK-FOTO.6201.26.2024,,SkorowidzOrtofomapy2024.1322861.akt_data,,,,,,,,,,,,,,,,2024-09-23,TAK,https://opendata.geoportal.gov.pl/ortofotomapa/81010/81010_1322861_N-34-50-C-c-3-4.tif,,SkorowidzOrtofomapy2024.1322861.dt_pzgik,,,,,,,,,,,,,,,,2024-12-19,1072.0,metro24,C:/Users/admin/Desktop/inference_data/Inference_data/QGIS_project/metro24.gml|layername=metro24
1122,metro24.62,SkorowidzOrtofomapy2024.1322860,,,,,,,,,,,,,N-34-50-C-c-3-3,2024.0,0.05,RGB,Zdj. cyfrowe,PL-1992,1:5000,GK-FOTO.6201.26.2024,,SkorowidzOrtofomapy2024.1322860.akt_data,,,,,,,,,,,,,,,,2024-09-23,TAK,https://opendata.geoportal.gov.pl/ortofotomapa/81010/81010_1322860_N-34-50-C-c-3-3.tif,,SkorowidzOrtofomapy2024.1322860.dt_pzgik,,,,,,,,,,,,,,,,2024-12-19,1045.0,metro24,C:/Users/admin/Desktop/inference_data/Inference_data/QGIS_project/metro24.gml|layername=metro24
1123,metro24.63,SkorowidzOrtofomapy2024.1322840,,,,,,,,,,,,,N-34-50-A-c-1-4,2024.0,0.05,RGB,Zdj. cyfrowe,PL-1992,1:5000,GK-FOTO.6201.26.2024,,SkorowidzOrtofomapy2024.1322840.akt_data,,,,,,,,,,,,,,,,2024-09-23,TAK,https://opendata.geoportal.gov.pl/ortofotomapa/81010/81010_1322840_N-34-50-A-c-1-4.tif,,SkorowidzOrtofomapy2024.1322840.dt_pzgik,,,,,,,,,,,,,,,,2024-12-19,815.0,metro24,C:/Users/admin/Desktop/inference_data/Inference_data/QGIS_project/metro24.gml|layername=metro24
1124,metro24.64,SkorowidzOrtofomapy2024.1322859,,,,,,,,,,,,,N-34-50-C-c-3-2,2024.0,0.05,RGB,Zdj. cyfrowe,PL-1992,1:5000,GK-FOTO.6201.26.2024,,SkorowidzOrtofomapy2024.1322859.akt_data,,,,,,,,,,,,,,,,2024-09-23,TAK,https://opendata.geoportal.gov.pl/ortofotomapa/81010/81010_1322859_N-34-50-C-c-3-2.tif,,SkorowidzOrtofomapy2024.1322859.dt_pzgik,,,,,,,,,,,,,,,,2024-12-19,1159.0,metro24,C:/Users/admin/Desktop/inference_data/Inference_data/QGIS_project/metro24.gml|layername=metro24
1125,metro24.65,SkorowidzOrtofomapy2024.1322858,,,,,,,,,,,,,N-34-50-C-c-3-1,2024.0,0.05,RGB,Zdj. cyfrowe,PL-1992,1:5000,GK-FOTO.6201.26.2024,,SkorowidzOrtofomapy2024.1322858.akt_data,,,,,,,,,,,,,,,,2024-09-23,TAK,https://opendata.geoportal.gov.pl/ortofotomapa/81010/81010_1322858_N-34-50-C-c-3-1.tif,,SkorowidzOrtofomapy2024.1322858.dt_pzgik,,,,,,,,,,,,,,,,2024-12-19,1116.0,metro24,C:/Users/admin/Desktop/inference_data/Inference_data/QGIS_project/metro24.gml|layername=metro24
1126,metro24.66,SkorowidzOrtofomapy2024.1322838,,,,,,,,,,,,,N-34-50-A-c-1-2,2024.0,0.05,RGB,Zdj. cyfrowe,PL-1992,1:5000,GK-FOTO.6201.26.2024,,SkorowidzOrtofomapy2024.1322838.akt_data,,,,,,,,,,,,,,,,2024-09-23,TAK,https://opendata.geoportal.gov.pl/ortofotomapa/81010/81010_1322838_N-34-50-A-c-1-2.tif,,SkorowidzOrtofomapy2024.1322838.dt_pzgik,,,,,,,,,,,,,,,,2024-12-19,550.0,metro24,C:/Users/admin/Desktop/inference_data/Inference_data/QGIS_project/metro24.gml|layername=metro24
1127,metro24.67,SkorowidzOrtofomapy2024.1322934,,,,,,,,,,,,,N-34-50-C-a-3-2,2024.0,0.05,RGB,Zdj. cyfrowe,PL-1992,1:5000,GK-FOTO.6201.26.2024,,SkorowidzOrtofomapy2024.1322934.akt_data,,,,,,,,,,,,,,,,2024-09-23,TAK,https://opendata.geoportal.gov.pl/ortofotomapa/81010/81010_1322934_N-34-50-C-a-3-2.tif,,SkorowidzOrtofomapy2024.1322934.dt_pzgik,,,,,,,,,,,,,,,,2024-12-19,1093.0,metro24,C:/Users/admin/Desktop/inference_data/Inference_data/QGIS_project/metro24.gml|layername=metro24
1128,metro24.68,SkorowidzOrtofomapy2024.1322850,,,,,,,,,,,,,N-34-50-C-c-1-1,2024.0,0.05,RGB,Zdj. cyfrowe,PL-1992,1:5000,GK-FOTO.6201.26.2024,,SkorowidzOrtofomapy2024.1322850.akt_data,,,,,,,,,,,,,,,,2024-09-23,TAK,https://opendata.geoportal.gov.pl/ortofotomapa/81010/81010_1322850_N-34-50-C-c-1-1.tif,,SkorowidzOrtofomapy2024.1322850.dt_pzgik,,,,,,,,,,,,,,,,2024-12-19,1161.0,metro24,C:/Users/admin/Desktop/inference_data/Inference_data/QGIS_project/metro24.gml|layername=metro24
1129,metro24.69,SkorowidzOrtofomapy2024.1322930,,,,,,,,,,,,,N-34-50-C-a-1-3,2024.0,0.05,RGB,Zdj. cyfrowe,PL-1992,1:5000,GK-FOTO.6201.26.2024,,SkorowidzOrtofomapy2024.1322930.akt_data,,,,,,,,,,,,,,,,2024-09-23,TAK,https://opendata.geoportal.gov.pl/ortofotomapa/81010/81010_1322930_N-34-50-C-a-1-3.tif,,SkorowidzOrtofomapy2024.1322930.dt_pzgik,,,,,,,,,,,,,,,,2024-12-19,1115.0,metro24,C:/Users/admin/Desktop/inference_data/Inference_data/QGIS_project/metro24.gml|layername=metro24
1130,metro24.70,SkorowidzOrtofomapy2024.1322901,,,,,,,,,,,,,N-34-62-A-a-2-3,2024.0,0.05,RGB,Zdj. cyfrowe,PL-1992,1:5000,GK-FOTO.6201.26.2024,,SkorowidzOrtofomapy2024.1322901.akt_data,,,,,,,,,,,,,,,,2024-09-23,TAK,https://opendata.geoportal.gov.pl/ortofotomapa/81010/81010_1322901_N-34-62-A-a-2-3.tif,,SkorowidzOrtofomapy2024.1322901.dt_pzgik,,,,,,,,,,,,,,,,2024-12-19,1127.0,metro24,C:/Users/admin/Desktop/inference_data/Inference_data/QGIS_project/metro24.gml|layername=metro24
1131,metro24.71,SkorowidzOrtofomapy2024.1322896,,,,,,,,,,,,,N-34-62-A-a-1-1,2024.0,0.05,RGB,Zdj. cyfrowe,PL-1992,1:5000,GK-FOTO.6201.26.2024,,SkorowidzOrtofomapy2024.1322896.akt_data,,,,,,,,,,,,,,,,2024-09-23,TAK,https://opendata.geoportal.gov.pl/ortofotomapa/81010/81010_1322896_N-34-62-A-a-1-1.tif,,SkorowidzOrtofomapy2024.1322896.dt_pzgik,,,,,,,,,,,,,,,,2024-12-19,1056.0,metro24,C:/Users/admin/Desktop/inference_data/Inference_data/QGIS_project/metro24.gml|layername=metro24
1132,metro24.72,SkorowidzOrtofomapy2024.1322802,,,,,,,,,,,,,N-34-49-B-d-2-4,2024.0,0.05,RGB,Zdj. cyfrowe,PL-1992,1:5000,GK-FOTO.6201.26.2024,,SkorowidzOrtofomapy2024.1322802.akt_data,,,,,,,,,,,,,,,,2024-09-23,TAK,https://opendata.geoportal.gov.pl/ortofotomapa/81010/81010_1322802_N-34-49-B-d-2-4.tif,,SkorowidzOrtofomapy2024.1322802.dt_pzgik,,,,,,,,,,,,,,,,2024-12-19,982.0,metro24,C:/Users/admin/Desktop/inference_data/Inference_data/QGIS_project/metro24.gml|layername=metro24
1133,metro24.73,SkorowidzOrtofomapy2024.1322817,,,,,,,,,,,,,N-34-49-D-b-2-2,2024.0,0.05,RGB,Zdj. cyfrowe,PL-1992,1:5000,GK-FOTO.6201.26.2024,,SkorowidzOrtofomapy2024.1322817.akt_data,,,,,,,,,,,,,,,,2024-09-23,TAK,https://opendata.geoportal.gov.pl/ortofotomapa/81010/81010_1322817_N-34-49-D-b-2-2.tif,,SkorowidzOrtofomapy2024.1322817.dt_pzgik,,,,,,,,,,,,,,,,2024-12-19,1142.0,metro24,C:/Users/admin/Desktop/inference_data/Inference_data/QGIS_project/metro24.gml|layername=metro24
1134,metro24.74,SkorowidzOrtofomapy2024.1322933,,,,,,,,,,,,,N-34-50-C-a-3-1,2024.0,0.05,RGB,Zdj. cyfrowe,PL-1992,1:5000,GK-FOTO.6201.26.2024,,SkorowidzOrtofomapy2024.1322933.akt_data,,,,,,,,,,,,,,,,2024-09-23,TAK,https://opendata.geoportal.gov.pl/ortofotomapa/81010/81010_1322933_N-34-50-C-a-3-1.tif,,SkorowidzOrtofomapy2024.1322933.dt_pzgik,,,,,,,,,,,,,,,,2024-12-19,1222.0,metro24,C:/Users/admin/Desktop/inference_data/Inference_data/QGIS_project/metro24.gml|layername=metro24
1135,metro24.75,SkorowidzOrtofomapy2024.1322853,,,,,,,,,,,,,N-34-50-C-c-1-4,2024.0,0.05,RGB,Zdj. cyfrowe,PL-1992,1:5000,GK-FOTO.6201.26.2024,,SkorowidzOrtofomapy2024.1322853.akt_data,,,,,,,,,,,,,,,,2024-09-23,TAK,https://opendata.geoportal.gov.pl/ortofotomapa/81010/81010_1322853_N-34-50-C-c-1-4.tif,,SkorowidzOrtofomapy2024.1322853.dt_pzgik,,,,,,,,,,,,,,,,2024-12-19,1165.0,metro24,C:/Users/admin/Desktop/inference_data/Inference_data/QGIS_project/metro24.gml|layername=metro24
1136,metro24.76,SkorowidzOrtofomapy2024.1322931,,,,,,,,,,,,,N-34-50-C-a-1-4,2024.0,0.05,RGB,Zdj. cyfrowe,PL-1992,1:5000,GK-FOTO.6201.26.2024,,SkorowidzOrtofomapy2024.1322931.akt_data,,,,,,,,,,,,,,,,2024-09-23,TAK,https://opendata.geoportal.gov.pl/ortofotomapa/81010/81010_1322931_N-34-50-C-a-1-4.tif,,SkorowidzOrtofomapy2024.1322931.dt_pzgik,,,,,,,,,,,,,,,,2024-12-19,1088.0,metro24,C:/Users/admin/Desktop/inference_data/Inference_data/QGIS_project/metro24.gml|layername=metro24
1137,metro24.77,SkorowidzOrtofomapy2024.1322899,,,,,,,,,,,,,N-34-62-A-a-2-1,2024.0,0.05,RGB,Zdj. cyfrowe,PL-1992,1:5000,GK-FOTO.6201.26.2024,,SkorowidzOrtofomapy2024.1322899.akt_data,,,,,,,,,,,,,,,,2024-09-23,TAK,https://opendata.geoportal.gov.pl/ortofotomapa/81010/81010_1322899_N-34-62-A-a-2-1.tif,,SkorowidzOrtofomapy2024.1322899.dt_pzgik,,,,,,,,,,,,,,,,2024-12-19,1065.0,metro24,C:/Users/admin/Desktop/inference_data/Inference_data/QGIS_project/metro24.gml|layername=metro24
1138,metro24.78,SkorowidzOrtofomapy2024.1322851,,,,,,,,,,,,,N-34-50-C-c-1-2,2024.0,0.05,RGB,Zdj. cyfrowe,PL-1992,1:5000,GK-FOTO.6201.26.2024,,SkorowidzOrtofomapy2024.1322851.akt_data,,,,,,,,,,,,,,,,2024-09-23,TAK,https://opendata.geoportal.gov.pl/ortofotomapa/81010/81010_1322851_N-34-50-C-c-1-2.tif,,SkorowidzOrtofomapy2024.1322851.dt_pzgik,,,,,,,,,,,,,,,,2024-12-19,1087.0,metro24,C:/Users/admin/Desktop/inference_data/Inference_data/QGIS_project/metro24.gml|layername=metro24
1139,metro24.79,SkorowidzOrtofomapy2024.1322898,,,,,,,,,,,,,N-34-62-A-a-1-4,2024.0,0.05,RGB,Zdj. cyfrowe,PL-1992,1:5000,GK-FOTO.6201.26.2024,,SkorowidzOrtofomapy2024.1322898.akt_data,,,,,,,,,,,,,,,,2024-09-23,TAK,https://opendata.geoportal.gov.pl/ortofotomapa/81010/81010_1322898_N-34-62-A-a-1-4.tif,,SkorowidzOrtofomapy2024.1322898.dt_pzgik,,,,,,,,,,,,,,,,2024-12-19,1074.0,metro24,C:/Users/admin/Desktop/inference_data/Inference_data/QGIS_project/metro24.gml|layername=metro24
1140,metro24.80,SkorowidzOrtofomapy2024.1322846,,,,,,,,,,,,,N-34-50-C-a-1-1,2024.0,0.05,RGB,Zdj. cyfrowe,PL-1992,1:5000,GK-FOTO.6201.26.2024,,SkorowidzOrtofomapy2024.1322846.akt_data,,,,,,,,,,,,,,,,2024-09-23,TAK,https://opendata.geoportal.gov.pl/ortofotomapa/81010/81010_1322846_N-34-50-C-a-1-1.tif,,SkorowidzOrtofomapy2024.1322846.dt_pzgik,,,,,,,,,,,,,,,,2024-12-19,1088.0,metro24,C:/Users/admin/Desktop/inference_data/Inference_data/QGIS_project/metro24.gml|layername=metro24
1141,metro24.81,SkorowidzOrtofomapy2024.1322854,,,,,,,,,,,,,N-34-50-C-c-2-1,2024.0,0.05,RGB,Zdj. cyfrowe,PL-1992,1:5000,GK-FOTO.6201.26.2024,,SkorowidzOrtofomapy2024.1322854.akt_data,,,,,,,,,,,,,,,,2024-09-23,TAK,https://opendata.geoportal.gov.pl/ortofotomapa/81010/81010_1322854_N-34-50-C-c-2-1.tif,,SkorowidzOrtofomapy2024.1322854.dt_pzgik,,,,,,,,,,,,,,,,2024-12-19,947.0,metro24,C:/Users/admin/Desktop/inference_data/Inference_data/QGIS_project/metro24.gml|layername=metro24
1142,metro24.82,SkorowidzOrtofomapy2024.1322938,,,,,,,,,,,,,N-34-50-C-a-4-3,2024.0,0.05,RGB,Zdj. cyfrowe,PL-1992,1:5000,GK-FOTO.6201.26.2024,,SkorowidzOrtofomapy2024.1322938.akt_data,,,,,,,,,,,,,,,,2024-09-23,TAK,https://opendata.geoportal.gov.pl/ortofotomapa/81010/81010_1322938_N-34-50-C-a-4-3.tif,,SkorowidzOrtofomapy2024.1322938.dt_pzgik,,,,,,,,,,,,,,,,2024-12-19,902.0,metro24,C:/Users/admin/Desktop/inference_data/Inference_data/QGIS_project/metro24.gml|layername=metro24
1143,metro24.83,SkorowidzOrtofomapy2024.1322937,,,,,,,,,,,,,N-34-50-C-a-4-1,2024.0,0.05,RGB,Zdj. cyfrowe,PL-1992,1:5000,GK-FOTO.6201.26.2024,,SkorowidzOrtofomapy2024.1322937.akt_data,,,,,,,,,,,,,,,,2024-09-23,TAK,https://opendata.geoportal.gov.pl/ortofotomapa/81010/81010_1322937_N-34-50-C-a-4-1.tif,,SkorowidzOrtofomapy2024.1322937.dt_pzgik,,,,,,,,,,,,,,,,2024-12-19,365.0,metro24,C:/Users/admin/Desktop/inference_data/Inference_data/QGIS_project/metro24.gml|layername=metro24
1144,metro24.84,SkorowidzOrtofomapy2024.1322935,,,,,,,,,,,,,N-34-50-C-a-3-3,2024.0,0.05,RGB,Zdj. cyfrowe,PL-1992,1:5000,GK-FOTO.6201.26.2024,,SkorowidzOrtofomapy2024.1322935.akt_data,,,,,,,,,,,,,,,,2024-09-23,TAK,https://opendata.geoportal.gov.pl/ortofotomapa/81010/81010_1322935_N-34-50-C-a-3-3.tif,,SkorowidzOrtofomapy2024.1322935.dt_pzgik,,,,,,,,,,,,,,,,2024-12-19,1148.0,metro24,C:/Users/admin/Desktop/inference_data/Inference_data/QGIS_project/metro24.gml|layername=metro24
1145,metro24.85,SkorowidzOrtofomapy2024.1322824,,,,,,,,,,,,,N-34-49-D-b-4-4,2024.0,0.05,RGB,Zdj. cyfrowe,PL-1992,1:5000,GK-FOTO.6201.26.2024,,SkorowidzOrtofomapy2024.1322824.akt_data,,,,,,,,,,,,,,,,2024-09-23,TAK,https://opendata.geoportal.gov.pl/ortofotomapa/81010/81010_1322824_N-34-49-D-b-4-4.tif,,SkorowidzOrtofomapy2024.1322824.dt_pzgik,,,,,,,,,,,,,,,,2024-12-19,1074.0,metro24,C:/Users/admin/Desktop/inference_data/Inference_data/QGIS_project/metro24.gml|layername=metro24
1146,metro24.86,SkorowidzOrtofomapy2024.1322862,,,,,,,,,,,,,N-34-50-C-c-4-1,2024.0,0.05,RGB,Zdj. cyfrowe,PL-1992,1:5000,GK-FOTO.6201.26.2024,,SkorowidzOrtofomapy2024.1322862.akt_data,,,,,,,,,,,,,,,,2024-09-23,TAK,https://opendata.geoportal.gov.pl/ortofotomapa/81010/81010_1322862_N-34-50-C-c-4-1.tif,,SkorowidzOrtofomapy2024.1322862.dt_pzgik,,,,,,,,,,,,,,,,2024-12-19,1090.0,metro24,C:/Users/admin/Desktop/inference_data/Inference_data/QGIS_project/metro24.gml|layername=metro24
1147,metro24.87,SkorowidzOrtofomapy2024.1322932,,,,,,,,,,,,,N-34-50-C-a-2-3,2024.0,0.05,RGB,Zdj. cyfrowe,PL-1992,1:5000,GK-FOTO.6201.26.2024,,SkorowidzOrtofomapy2024.1322932.akt_data,,,,,,,,,,,,,,,,2024-09-23,TAK,https://opendata.geoportal.gov.pl/ortofotomapa/81010/81010_1322932_N-34-50-C-a-2-3.tif,,SkorowidzOrtofomapy2024.1322932.dt_pzgik,,,,,,,,,,,,,,,,2024-12-19,94.0,metro24,C:/Users/admin/Desktop/inference_data/Inference_data/QGIS_project/metro24.gml|layername=metro24
1148,metro24.88,SkorowidzOrtofomapy2024.1322842,,,,,,,,,,,,,N-34-50-A-c-3-2,2024.0,0.05,RGB,Zdj. cyfrowe,PL-1992,1:5000,GK-FOTO.6201.26.2024,,SkorowidzOrtofomapy2024.1322842.akt_data,,,,,,,,,,,,,,,,2024-09-23,TAK,https://opendata.geoportal.gov.pl/ortofotomapa/81010/81010_1322842_N-34-50-A-c-3-2.tif,,SkorowidzOrtofomapy2024.1322842.dt_pzgik,,,,,,,,,,,,,,,,2024-12-19,642.0,metro24,C:/Users/admin/Desktop/inference_data/Inference_data/QGIS_project/metro24.gml|layername=metro24
1149,metro24.89,SkorowidzOrtofomapy2024.1322827,,,,,,,,,,,,,N-34-49-D-d-2-2,2024.0,0.05,RGB,Zdj. cyfrowe,PL-1992,1:5000,GK-FOTO.6201.26.2024,,SkorowidzOrtofomapy2024.1322827.akt_data,,,,,,,,,,,,,,,,2024-09-23,TAK,https://opendata.geoportal.gov.pl/ortofotomapa/81010/81010_1322827_N-34-49-D-d-2-2.tif,,SkorowidzOrtofomapy2024.1322827.dt_pzgik,,,,,,,,,,,,,,,,2024-12-19,1133.0,metro24,C:/Users/admin/Desktop/inference_data/Inference_data/QGIS_project/metro24.gml|layername=metro24
1150,metro24.90,SkorowidzOrtofomapy2024.1322808,,,,,,,,,,,,,N-34-49-B-d-4-2,2024.0,0.05,RGB,Zdj. cyfrowe,PL-1992,1:5000,GK-FOTO.6201.26.2024,,SkorowidzOrtofomapy2024.1322808.akt_data,,,,,,,,,,,,,,,,2024-09-23,TAK,https://opendata.geoportal.gov.pl/ortofotomapa/81010/81010_1322808_N-34-49-B-d-4-2.tif,,SkorowidzOrtofomapy2024.1322808.dt_pzgik,,,,,,,,,,,,,,,,2024-12-19,1001.0,metro24,C:/Users/admin/Desktop/inference_data/Inference_data/QGIS_project/metro24.gml|layername=metro24
1151,metro24.91,SkorowidzOrtofomapy2024.1322856,,,,,,,,,,,,,N-34-50-C-c-2-3,2024.0,0.05,RGB,Zdj. cyfrowe,PL-1992,1:5000,GK-FOTO.6201.26.2024,,SkorowidzOrtofomapy2024.1322856.akt_data,,,,,,,,,,,,,,,,2024-09-23,TAK,https://opendata.geoportal.gov.pl/ortofotomapa/81010/81010_1322856_N-34-50-C-c-2-3.tif,,SkorowidzOrtofomapy2024.1322856.dt_pzgik,,,,,,,,,,,,,,,,2024-12-19,1033.0,metro24,C:/Users/admin/Desktop/inference_data/Inference_data/QGIS_project/metro24.gml|layername=metro24
1152,metro24.92,SkorowidzOrtofomapy2024.1322833,,,,,,,,,,,,,N-34-49-D-d-4-4,2024.0,0.05,RGB,Zdj. cyfrowe,PL-1992,1:5000,GK-FOTO.6201.26.2024,,SkorowidzOrtofomapy2024.1322833.akt_data,,,,,,,,,,,,,,,,2024-09-23,TAK,https://opendata.geoportal.gov.pl/ortofotomapa/81010/81010_1322833_N-34-49-D-d-4-4.tif,,SkorowidzOrtofomapy2024.1322833.dt_pzgik,,,,,,,,,,,,,,,,2024-12-19,1094.0,metro24,C:/Users/admin/Desktop/inference_data/Inference_data/QGIS_project/metro24.gml|layername=metro24
1153,metro24.93,SkorowidzOrtofomapy2024.1322852,,,,,,,,,,,,,N-34-50-C-c-1-3,2024.0,0.05,RGB,Zdj. cyfrowe,PL-1992,1:5000,GK-FOTO.6201.26.2024,,SkorowidzOrtofomapy2024.1322852.akt_data,,,,,,,,,,,,,,,,2024-09-23,TAK,https://opendata.geoportal.gov.pl/ortofotomapa/81010/81010_1322852_N-34-50-C-c-1-3.tif,,SkorowidzOrtofomapy2024.1322852.dt_pzgik,,,,,,,,,,,,,,,,2024-12-19,1092.0,metro24,C:/Users/admin/Desktop/inference_data/Inference_data/QGIS_project/metro24.gml|layername=metro24
1154,metro24.94,SkorowidzOrtofomapy2024.1322837,,,,,,,,,,,,,N-34-50-A-c-1-1,2024.0,0.05,RGB,Zdj. cyfrowe,PL-1992,1:5000,GK-FOTO.6201.26.2024,,SkorowidzOrtofomapy2024.1322837.akt_data,,,,,,,,,,,,,,,,2024-09-23,TAK,https://opendata.geoportal.gov.pl/ortofotomapa/81010/81010_1322837_N-34-50-A-c-1-1.tif,,SkorowidzOrtofomapy2024.1322837.dt_pzgik,,,,,,,,,,,,,,,,2024-12-19,1025.0,metro24,C:/Users/admin/Desktop/inference_data/Inference_data/QGIS_project/metro24.gml|layername=metro24
1155,metro24.95,SkorowidzOrtofomapy2024.1322819,,,,,,,,,,,,,N-34-49-D-b-2-4,2024.0,0.05,RGB,Zdj. cyfrowe,PL-1992,1:5000,GK-FOTO.6201.26.2024,,SkorowidzOrtofomapy2024.1322819.akt_data,,,,,,,,,,,,,,,,2024-09-23,TAK,https://opendata.geoportal.gov.pl/ortofotomapa/81010/81010_1322819_N-34-49-D-b-2-4.tif,,SkorowidzOrtofomapy2024.1322819.dt_pzgik,,,,,,,,,,,,,,,,2024-12-19,1052.0,metro24,C:/Users/admin/Desktop/inference_data/Inference_data/QGIS_project/metro24.gml|layername=metro24
1156,metro24.96,SkorowidzOrtofomapy2024.1322839,,,,,,,,,,,,,N-34-50-A-c-1-3,2024.0,0.05,RGB,Zdj. cyfrowe,PL-1992,1:5000,GK-FOTO.6201.26.2024,,SkorowidzOrtofomapy2024.1322839.akt_data,,,,,,,,,,,,,,,,2024-09-23,TAK,https://opendata.geoportal.gov.pl/ortofotomapa/81010/81010_1322839_N-34-50-A-c-1-3.tif,,SkorowidzOrtofomapy2024.1322839.dt_pzgik,,,,,,,,,,,,,,,,2024-12-19,977.0,metro24,C:/Users/admin/Desktop/inference_data/Inference_data/QGIS_project/metro24.gml|layername=metro24
1157,metro24.97,SkorowidzOrtofomapy2024.1322895,,,,,,,,,,,,,N-34-61-B-b-2-2,2024.0,0.05,RGB,Zdj. cyfrowe,PL-1992,1:5000,GK-FOTO.6201.26.2024,,SkorowidzOrtofomapy2024.1322895.akt_data,,,,,,,,,,,,,,,,2024-09-23,TAK,https://opendata.geoportal.gov.pl/ortofotomapa/81010/81010_1322895_N-34-61-B-b-2-2.tif,,SkorowidzOrtofomapy2024.1322895.dt_pzgik,,,,,,,,,,,,,,,,2024-12-19,1041.0,metro24,C:/Users/admin/Desktop/inference_data/Inference_data/QGIS_project/metro24.gml|layername=metro24
1158,metro24.98,SkorowidzOrtofomapy2024.1322868,,,,,,,,,,,,,N-34-50-C-d-1-3,2024.0,0.05,RGB,Zdj. cyfrowe,PL-1992,1:5000,GK-FOTO.6201.26.2024,,SkorowidzOrtofomapy2024.1322868.akt_data,,,,,,,,,,,,,,,,2024-10-01,TAK,https://opendata.geoportal.gov.pl/ortofotomapa/81010/81010_1322868_N-34-50-C-d-1-3.tif,,SkorowidzOrtofomapy2024.1322868.dt_pzgik,,,,,,,,,,,,,,,,2024-12-19,965.0,metro24,C:/Users/admin/Desktop/inference_data/Inference_data/QGIS_project/metro24.gml|layername=metro24
1159,metro24.99,SkorowidzOrtofomapy2024.1322863,,,,,,,,,,,,,N-34-50-C-c-4-2,2024.0,0.05,RGB,Zdj. cyfrowe,PL-1992,1:5000,GK-FOTO.6201.26.2024,,SkorowidzOrtofomapy2024.1322863.akt_data,,,,,,,,,,,,,,,,2024-10-01,TAK,https://opendata.geoportal.gov.pl/ortofotomapa/81010/81010_1322863_N-34-50-C-c-4-2.tif,,SkorowidzOrtofomapy2024.1322863.dt_pzgik,,,,,,,,,,,,,,,,2024-12-19,1066.0,metro24,C:/Users/admin/Desktop/inference_data/Inference_data/QGIS_project/metro24.gml|layername=metro24
1160,metro24.100,SkorowidzOrtofomapy2024.1322866,,,,,,,,,,,,,N-34-50-C-d-1-1,2024.0,0.05,RGB,Zdj. cyfrowe,PL-1992,1:5000,GK-FOTO.6201.26.2024,,SkorowidzOrtofomapy2024.1322866.akt_data,,,,,,,,,,,,,,,,2024-10-01,TAK,https://opendata.geoportal.gov.pl/ortofotomapa/81010/81010_1322866_N-34-50-C-d-1-1.tif,,SkorowidzOrtofomapy2024.1322866.dt_pzgik,,,,,,,,,,,,,,,,2024-12-19,751.0,metro24,C:/Users/admin/Desktop/inference_data/Inference_data/QGIS_project/metro24.gml|layername=metro24
1161,metro24.101,SkorowidzOrtofomapy2024.1322876,,,,,,,,,,,,,N-34-50-C-d-3-3,2024.0,0.05,RGB,Zdj. cyfrowe,PL-1992,1:5000,GK-FOTO.6201.26.2024,,SkorowidzOrtofomapy2024.1322876.akt_data,,,,,,,,,,,,,,,,2024-10-01,TAK,https://opendata.geoportal.gov.pl/ortofotomapa/81010/81010_1322876_N-34-50-C-d-3-3.tif,,SkorowidzOrtofomapy2024.1322876.dt_pzgik,,,,,,,,,,,,,,,,2024-12-19,1013.0,metro24,C:/Users/admin/Desktop/inference_data/Inference_data/QGIS_project/metro24.gml|layername=metro24
1162,metro24.102,SkorowidzOrtofomapy2024.1322912,,,,,,,,,,,,,N-34-62-A-b-3-1,2024.0,0.05,RGB,Zdj. cyfrowe,PL-1992,1:5000,GK-FOTO.6201.26.2024,,SkorowidzOrtofomapy2024.1322912.akt_data,,,,,,,,,,,,,,,,2024-10-01,TAK,https://opendata.geoportal.gov.pl/ortofotomapa/81010/81010_1322912_N-34-62-A-b-3-1.tif,,SkorowidzOrtofomapy2024.1322912.dt_pzgik,,,,,,,,,,,,,,,,2024-12-19,1201.0,metro24,C:/Users/admin/Desktop/inference_data/Inference_data/QGIS_project/metro24.gml|layername=metro24
1163,metro24.103,SkorowidzOrtofomapy2024.1322855,,,,,,,,,,,,,N-34-50-C-c-2-2,2024.0,0.05,RGB,Zdj. cyfrowe,PL-1992,1:5000,GK-FOTO.6201.26.2024,,SkorowidzOrtofomapy2024.1322855.akt_data,,,,,,,,,,,,,,,,2024-10-01,TAK,https://opendata.geoportal.gov.pl/ortofotomapa/81010/81010_1322855_N-34-50-C-c-2-2.tif,,SkorowidzOrtofomapy2024.1322855.dt_pzgik,,,,,,,,,,,,,,,,2024-12-19,946.0,metro24,C:/Users/admin/Desktop/inference_data/Inference_data/QGIS_project/metro24.gml|layername=metro24
1164,metro24.104,SkorowidzOrtofomapy2024.1322875,,,,,,,,,,,,,N-34-50-C-d-3-2,2024.0,0.05,RGB,Zdj. cyfrowe,PL-1992,1:5000,GK-FOTO.6201.26.2024,,SkorowidzOrtofomapy2024.1322875.akt_data,,,,,,,,,,,,,,,,2024-10-01,TAK,https://opendata.geoportal.gov.pl/ortofotomapa/81010/81010_1322875_N-34-50-C-d-3-2.tif,,SkorowidzOrtofomapy2024.1322875.dt_pzgik,,,,,,,,,,,,,,,,2024-12-19,950.0,metro24,C:/Users/admin/Desktop/inference_data/Inference_data/QGIS_project/metro24.gml|layername=metro24
1165,metro24.105,SkorowidzOrtofomapy2024.1322869,,,,,,,,,,,,,N-34-50-C-d-1-4,2024.0,0.05,RGB,Zdj. cyfrowe,PL-1992,1:5000,GK-FOTO.6201.26.2024,,SkorowidzOrtofomapy2024.1322869.akt_data,,,,,,,,,,,,,,,,2024-10-01,TAK,https://opendata.geoportal.gov.pl/ortofotomapa/81010/81010_1322869_N-34-50-C-d-1-4.tif,,SkorowidzOrtofomapy2024.1322869.dt_pzgik,,,,,,,,,,,,,,,,2024-12-19,889.0,metro24,C:/Users/admin/Desktop/inference_data/Inference_data/QGIS_project/metro24.gml|layername=metro24
1166,metro24.106,SkorowidzOrtofomapy2024.1322865,,,,,,,,,,,,,N-34-50-C-c-4-4,2024.0,0.05,RGB,Zdj. cyfrowe,PL-1992,1:5000,GK-FOTO.6201.26.2024,,SkorowidzOrtofomapy2024.1322865.akt_data,,,,,,,,,,,,,,,,2024-10-01,TAK,https://opendata.geoportal.gov.pl/ortofotomapa/81010/81010_1322865_N-34-50-C-c-4-4.tif,,SkorowidzOrtofomapy2024.1322865.dt_pzgik,,,,,,,,,,,,,,,,2024-12-19,1032.0,metro24,C:/Users/admin/Desktop/inference_data/Inference_data/QGIS_project/metro24.gml|layername=metro24
1167,metro24.107,SkorowidzOrtofomapy2024.1322870,,,,,,,,,,,,,N-34-50-C-d-2-1,2024.0,0.05,RGB,Zdj. cyfrowe,PL-1992,1:5000,GK-FOTO.6201.26.2024,,SkorowidzOrtofomapy2024.1322870.akt_data,,,,,,,,,,,,,,,,2024-10-01,TAK,https://opendata.geoportal.gov.pl/ortofotomapa/81010/81010_1322870_N-34-50-C-d-2-1.tif,,SkorowidzOrtofomapy2024.1322870.dt_pzgik,,,,,,,,,,,,,,,,2024-12-19,323.0,metro24,C:/Users/admin/Desktop/inference_data/Inference_data/QGIS_project/metro24.gml|layername=metro24
1168,metro24.108,SkorowidzOrtofomapy2024.1322902,,,,,,,,,,,,,N-34-62-A-a-2-4,2024.0,0.05,RGB,Zdj. cyfrowe,PL-1992,1:5000,GK-FOTO.6201.26.2024,,SkorowidzOrtofomapy2024.1322902.akt_data,,,,,,,,,,,,,,,,2024-10-01,TAK,https://opendata.geoportal.gov.pl/ortofotomapa/81010/81010_1322902_N-34-62-A-a-2-4.tif,,SkorowidzOrtofomapy2024.1322902.dt_pzgik,,,,,,,,,,,,,,,,2024-12-19,1172.0,metro24,C:/Users/admin/Desktop/inference_data/Inference_data/QGIS_project/metro24.gml|layername=metro24
1169,metro24.109,SkorowidzOrtofomapy2024.1322905,,,,,,,,,,,,,N-34-62-A-b-1-1,2024.0,0.05,RGB,Zdj. cyfrowe,PL-1992,1:5000,GK-FOTO.6201.26.2024,,SkorowidzOrtofomapy2024.1322905.akt_data,,,,,,,,,,,,,,,,2024-10-01,TAK,https://opendata.geoportal.gov.pl/ortofotomapa/81010/81010_1322905_N-34-62-A-b-1-1.tif,,SkorowidzOrtofomapy2024.1322905.dt_pzgik,,,,,,,,,,,,,,,,2024-12-19,1116.0,metro24,C:/Users/admin/Desktop/inference_data/Inference_data/QGIS_project/metro24.gml|layername=metro24
1170,metro24.110,SkorowidzOrtofomapy2024.1322867,,,,,,,,,,,,,N-34-50-C-d-1-2,2024.0,0.05,RGB,Zdj. cyfrowe,PL-1992,1:5000,GK-FOTO.6201.26.2024,,SkorowidzOrtofomapy2024.1322867.akt_data,,,,,,,,,,,,,,,,2024-10-01,TAK,https://opendata.geoportal.gov.pl/ortofotomapa/81010/81010_1322867_N-34-50-C-d-1-2.tif,,SkorowidzOrtofomapy2024.1322867.dt_pzgik,,,,,,,,,,,,,,,,2024-12-19,602.0,metro24,C:/Users/admin/Desktop/inference_data/Inference_data/QGIS_project/metro24.gml|layername=metro24
1171,metro24.111,SkorowidzOrtofomapy2024.1322911,,,,,,,,,,,,,N-34-62-A-b-2-3,2024.0,0.05,RGB,Zdj. cyfrowe,PL-1992,1:5000,GK-FOTO.6201.26.2024,,SkorowidzOrtofomapy2024.1322911.akt_data,,,,,,,,,,,,,,,,2024-10-01,TAK,https://opendata.geoportal.gov.pl/ortofotomapa/81010/81010_1322911_N-34-62-A-b-2-3.tif,,SkorowidzOrtofomapy2024.1322911.dt_pzgik,,,,,,,,,,,,,,,,2024-12-19,1193.0,metro24,C:/Users/admin/Desktop/inference_data/Inference_data/QGIS_project/metro24.gml|layername=metro24
1172,metro24.112,SkorowidzOrtofomapy2024.1322877,,,,,,,,,,,,,N-34-50-C-d-3-4,2024.0,0.05,RGB,Zdj. cyfrowe,PL-1992,1:5000,GK-FOTO.6201.26.2024,,SkorowidzOrtofomapy2024.1322877.akt_data,,,,,,,,,,,,,,,,2024-10-01,TAK,https://opendata.geoportal.gov.pl/ortofotomapa/81010/81010_1322877_N-34-50-C-d-3-4.tif,,SkorowidzOrtofomapy2024.1322877.dt_pzgik,,,,,,,,,,,,,,,,2024-12-19,1037.0,metro24,C:/Users/admin/Desktop/inference_data/Inference_data/QGIS_project/metro24.gml|layername=metro24
1173,metro24.113,SkorowidzOrtofomapy2024.1322903,,,,,,,,,,,,,N-34-62-A-a-4-2,2024.0,0.05,RGB,Zdj. cyfrowe,PL-1992,1:5000,GK-FOTO.6201.26.2024,,SkorowidzOrtofomapy2024.1322903.akt_data,,,,,,,,,,,,,,,,2024-10-01,TAK,https://opendata.geoportal.gov.pl/ortofotomapa/81010/81010_1322903_N-34-62-A-a-4-2.tif,,SkorowidzOrtofomapy2024.1322903.dt_pzgik,,,,,,,,,,,,,,,,2024-12-19,1189.0,metro24,C:/Users/admin/Desktop/inference_data/Inference_data/QGIS_project/metro24.gml|layername=metro24
1174,metro24.114,SkorowidzOrtofomapy2024.1322880,,,,,,,,,,,,,N-34-50-C-d-4-3,2024.0,0.05,RGB,Zdj. cyfrowe,PL-1992,1:5000,GK-FOTO.6201.26.2024,,SkorowidzOrtofomapy2024.1322880.akt_data,,,,,,,,,,,,,,,,2024-10-01,TAK,https://opendata.geoportal.gov.pl/ortofotomapa/81010/81010_1322880_N-34-50-C-d-4-3.tif,,SkorowidzOrtofomapy2024.1322880.dt_pzgik,,,,,,,,,,,,,,,,2024-12-19,1121.0,metro24,C:/Users/admin/Desktop/inference_data/Inference_data/QGIS_project/metro24.gml|layername=metro24
1175,metro24.115,SkorowidzOrtofomapy2024.1322857,,,,,,,,,,,,,N-34-50-C-c-2-4,2024.0,0.05,RGB,Zdj. cyfrowe,PL-1992,1:5000,GK-FOTO.6201.26.2024,,SkorowidzOrtofomapy2024.1322857.akt_data,,,,,,,,,,,,,,,,2024-10-01,TAK,https://opendata.geoportal.gov.pl/ortofotomapa/81010/81010_1322857_N-34-50-C-c-2-4.tif,,SkorowidzOrtofomapy2024.1322857.dt_pzgik,,,,,,,,,,,,,,,,2024-12-19,974.0,metro24,C:/Users/admin/Desktop/inference_data/Inference_data/QGIS_project/metro24.gml|layername=metro24
1176,metro24.116,SkorowidzOrtofomapy2024.1322900,,,,,,,,,,,,,N-34-62-A-a-2-2,2024.0,0.05,RGB,Zdj. cyfrowe,PL-1992,1:5000,GK-FOTO.6201.26.2024,,SkorowidzOrtofomapy2024.1322900.akt_data,,,,,,,,,,,,,,,,2024-10-01,TAK,https://opendata.geoportal.gov.pl/ortofotomapa/81010/81010_1322900_N-34-62-A-a-2-2.tif,,SkorowidzOrtofomapy2024.1322900.dt_pzgik,,,,,,,,,,,,,,,,2024-12-19,1070.0,metro24,C:/Users/admin/Desktop/inference_data/Inference_data/QGIS_project/metro24.gml|layername=metro24
1177,metro24.117,SkorowidzOrtofomapy2024.1322874,,,,,,,,,,,,,N-34-50-C-d-3-1,2024.0,0.05,RGB,Zdj. cyfrowe,PL-1992,1:5000,GK-FOTO.6201.26.2024,,SkorowidzOrtofomapy2024.1322874.akt_data,,,,,,,,,,,,,,,,2024-10-01,TAK,https://opendata.geoportal.gov.pl/ortofotomapa/81010/81010_1322874_N-34-50-C-d-3-1.tif,,SkorowidzOrtofomapy2024.1322874.dt_pzgik,,,,,,,,,,,,,,,,2024-12-19,947.0,metro24,C:/Users/admin/Desktop/inference_data/Inference_data/QGIS_project/metro24.gml|layername=metro24
1178,metro24.118,SkorowidzOrtofomapy2024.1322872,,,,,,,,,,,,,N-34-50-C-d-2-3,2024.0,0.05,RGB,Zdj. cyfrowe,PL-1992,1:5000,GK-FOTO.6201.26.2024,,SkorowidzOrtofomapy2024.1322872.akt_data,,,,,,,,,,,,,,,,2024-10-01,TAK,https://opendata.geoportal.gov.pl/ortofotomapa/81010/81010_1322872_N-34-50-C-d-2-3.tif,,SkorowidzOrtofomapy2024.1322872.dt_pzgik,,,,,,,,,,,,,,,,2024-12-19,862.0,metro24,C:/Users/admin/Desktop/inference_data/Inference_data/QGIS_project/metro24.gml|layername=metro24
1179,metro24.119,SkorowidzOrtofomapy2024.1322907,,,,,,,,,,,,,N-34-62-A-b-1-3,2024.0,0.05,RGB,Zdj. cyfrowe,PL-1992,1:5000,GK-FOTO.6201.26.2024,,SkorowidzOrtofomapy2024.1322907.akt_data,,,,,,,,,,,,,,,,2024-10-01,TAK,https://opendata.geoportal.gov.pl/ortofotomapa/81010/81010_1322907_N-34-62-A-b-1-3.tif,,SkorowidzOrtofomapy2024.1322907.dt_pzgik,,,,,,,,,,,,,,,,2024-12-19,1186.0,metro24,C:/Users/admin/Desktop/inference_data/Inference_data/QGIS_project/metro24.gml|layername=metro24
1180,metro24.120,SkorowidzOrtofomapy2024.1322878,,,,,,,,,,,,,N-34-50-C-d-4-1,2024.0,0.05,RGB,Zdj. cyfrowe,PL-1992,1:5000,GK-FOTO.6201.26.2024,,SkorowidzOrtofomapy2024.1322878.akt_data,,,,,,,,,,,,,,,,2024-10-01,TAK,https://opendata.geoportal.gov.pl/ortofotomapa/81010/81010_1322878_N-34-50-C-d-4-1.tif,,SkorowidzOrtofomapy2024.1322878.dt_pzgik,,,,,,,,,,,,,,,,2024-12-19,965.0,metro24,C:/Users/admin/Desktop/inference_data/Inference_data/QGIS_project/metro24.gml|layername=metro24
1181,metro24.121,SkorowidzOrtofomapy2024.1322939,,,,,,,,,,,,,N-34-50-C-a-4-4,2024.0,0.05,RGB,Zdj. cyfrowe,PL-1992,1:5000,GK-FOTO.6201.26.2024,,SkorowidzOrtofomapy2024.1322939.akt_data,,,,,,,,,,,,,,,,2024-10-01,TAK,https://opendata.geoportal.gov.pl/ortofotomapa/81010/81010_1322939_N-34-50-C-a-4-4.tif,,SkorowidzOrtofomapy2024.1322939.dt_pzgik,,,,,,,,,,,,,,,,2024-12-19,299.0,metro24,C:/Users/admin/Desktop/inference_data/Inference_data/QGIS_project/metro24.gml|layername=metro24
1182,metro24.122,SkorowidzOrtofomapy2024.1322908,,,,,,,,,,,,,N-34-62-A-b-1-4,2024.0,0.05,RGB,Zdj. cyfrowe,PL-1992,1:5000,GK-FOTO.6201.26.2024,,SkorowidzOrtofomapy2024.1322908.akt_data,,,,,,,,,,,,,,,,2024-10-01,TAK,https://opendata.geoportal.gov.pl/ortofotomapa/81010/81010_1322908_N-34-62-A-b-1-4.tif,,SkorowidzOrtofomapy2024.1322908.dt_pzgik,,,,,,,,,,,,,,,,2024-12-19,1263.0,metro24,C:/Users/admin/Desktop/inference_data/Inference_data/QGIS_project/metro24.gml|layername=metro24
1183,metro24.123,SkorowidzOrtofomapy2024.1322909,,,,,,,,,,,,,N-34-62-A-b-2-1,2024.0,0.05,RGB,Zdj. cyfrowe,PL-1992,1:5000,GK-FOTO.6201.26.2024,,SkorowidzOrtofomapy2024.1322909.akt_data,,,,,,,,,,,,,,,,2024-10-01,TAK,https://opendata.geoportal.gov.pl/ortofotomapa/81010/81010_1322909_N-34-62-A-b-2-1.tif,,SkorowidzOrtofomapy2024.1322909.dt_pzgik,,,,,,,,,,,,,,,,2024-12-19,1184.0,metro24,C:/Users/admin/Desktop/inference_data/Inference_data/QGIS_project/metro24.gml|layername=metro24
1184,metro24.124,SkorowidzOrtofomapy2024.1322906,,,,,,,,,,,,,N-34-62-A-b-1-2,2024.0,0.05,RGB,Zdj. cyfrowe,PL-1992,1:5000,GK-FOTO.6201.26.2024,,SkorowidzOrtofomapy2024.1322906.akt_data,,,,,,,,,,,,,,,,2024-10-01,TAK,https://opendata.geoportal.gov.pl/ortofotomapa/81010/81010_1322906_N-34-62-A-b-1-2.tif,,SkorowidzOrtofomapy2024.1322906.dt_pzgik,,,,,,,,,,,,,,,,2024-12-19,1233.0,metro24,C:/Users/admin/Desktop/inference_data/Inference_data/QGIS_project/metro24.gml|layername=metro24
